user_id	item_id	rating
1983	795	1.25
745	795	1.25
1909	795	1.25
628	795	1.25
87	795	1.25
2036	795	1.25
2202	795	1.25
1099	795	1.25
361	795	1.25
1050	795	1.25
1862	795	1.25
347	795	1.25
1526	795	1.25
1940	795	1.25
1865	795	1.25
2173	795	1.25
1631	795	1.25
770	795	1.25
480	795	1.25
1680	795	1.25
1255	795	1.25
1555	795	1.25
251	795	1.25
1081	795	1.25
1683	795	1.25
853	795	1.25
1683	795	1.25
1407	795	1.25
1951	795	1.25
1493	795	1.25
1028	795	1.25
1767	795	1.25
217	795	1.25
1174	795	1.25
45	795	1.25
245	795	1.25
152	795	1.25
1334	795	1.25
1929	795	1.25
204	795	1.25
836	795	1.25
1021	795	1.25
1016	795	1.25
263	795	1.25
1314	795	1.25
1549	795	1.25
293	795	1.25
1114	795	1.25
1742	795	1.25
1229	795	1.25
1386	795	1.25
2015	795	1.25
142	795	1.25
1512	795	1.25
1770	795	1.25
266	795	1.25
1243	795	1.25
1133	795	1.25
1814	795	1.25
803	795	1.25
156	795	1.25
944	795	1.25
1412	795	1.25
831	795	1.25
1639	795	1.25
1205	795	1.25
1916	795	1.25
2042	795	1.25
1183	795	1.25
990	795	1.25
1265	795	1.25
507	795	1.25
1992	795	1.25
561	795	1.25
1427	795	1.25
1806	795	1.25
237	795	1.25
1700	795	1.25
2168	795	1.25
1382	795	1.25
740	795	1.25
1837	795	1.25
839	795	1.25
1167	795	1.25
1509	795	1.25
2056	795	1.25
2039	795	1.25
2099	795	1.25
183	795	1.25
149	795	1.25
846	795	1.25
1919	795	1.25
1995	795	1.25
1939	795	1.25
1486	795	1.25
1490	795	1.25
1245	795	1.25
937	795	1.25
171	795	1.25
1364	795	1.25
1364	795	1.25
1364	795	1.25
1364	795	1.25
1364	795	1.25
1364	795	1.25
1364	795	1.25
1364	795	1.25
1364	795	1.25
1364	795	1.25
1364	795	1.25
2002	1215	1.25
64	1215	1.25
1632	1215	1.25
949	1215	1.25
2002	1215	1.25
2002	1215	1.25
2002	1215	1.25
2002	1215	1.25
2002	1215	1.25
2002	1215	1.25
2002	1215	1.25
2002	1215	1.25
788	1215	3.75
746	1215	1.25
743	1215	1.25
743	1215	1.25
743	1215	1.25
743	1215	1.25
743	1215	1.25
743	1215	1.25
64	1215	1.25
2002	1215	1.25
743	1215	1.25
64	1215	1.25
2002	1215	1.25
743	1215	1.25
64	1215	1.25
2002	1215	1.25
743	1215	1.25
64	1215	1.25
2002	1215	1.25
743	1215	1.25
64	1215	1.25
2002	1215	1.25
743	1215	1.25
64	1215	1.25
2002	1215	1.25
743	1215	1.25
64	1215	1.25
2002	1215	1.25
743	1215	1.25
64	1215	1.25
2002	1215	1.25
743	1215	1.25
64	1215	1.25
2002	1215	1.25
743	1215	1.25
64	1215	1.25
2002	1215	1.25
743	1215	1.25
64	1215	1.25
2002	1215	1.25
743	1215	1.25
64	1215	1.25
2002	1215	1.25
743	1215	1.25
64	1215	1.25
2002	1215	1.25
743	1215	1.25
64	1215	1.25
2002	1215	1.25
743	1215	1.25
64	1215	1.25
2002	1215	1.25
743	1215	1.25
64	1215	1.25
2002	1215	1.25
743	1215	1.25
64	1215	1.25
2002	1215	1.25
743	1215	1.25
64	1215	1.25
2002	1215	1.25
743	1215	1.25
64	1215	1.25
2002	1215	1.25
743	1215	1.25
64	1215	1.25
2002	1215	1.25
743	1215	1.25
64	1215	1.25
877	1215	1.25
1140	1215	1.25
2002	1215	1.25
1628	1215	1.25
877	1215	1.25
877	1215	1.25
877	1215	1.25
1662	1215	1.25
743	1215	1.25
1628	1215	1.25
1628	1215	1.25
1628	1215	1.25
1628	1215	1.25
743	1215	1.25
743	1215	1.25
743	1215	1.25
743	1215	1.25
743	1215	1.25
743	1215	1.25
743	1215	1.25
743	1215	1.25
743	1215	1.25
743	1215	1.25
743	1215	1.25
743	1215	1.25
743	1215	1.25
743	1215	1.25
743	1215	1.25
743	1215	1.25
743	1215	1.25
743	1215	1.25
743	1215	1.25
743	1215	1.25
743	1215	1.25
743	1215	1.25
743	1215	1.25
743	1215	1.25
743	1215	1.25
743	1215	1.25
743	1215	1.25
743	1215	1.25
743	1215	1.25
743	1215	1.25
743	1215	1.25
743	1215	1.25
743	1215	1.25
743	1215	1.25
743	1215	1.25
743	1215	1.25
743	1215	1.25
743	1215	1.25
743	1215	1.25
743	1215	1.25
743	1215	1.25
743	1215	1.25
743	1215	1.25
743	1215	1.25
1345	2152	1.25
877	2152	1.25
2140	2152	1.25
60	2152	1.25
2149	2152	1.25
2140	2152	1.25
387	2152	1.25
2002	2152	1.25
2140	2152	1.25
1189	2152	1.25
294	2152	1.25
682	2152	1.25
764	2152	1.25
64	2152	1.25
2149	2152	1.25
2149	2152	1.25
932	2152	1.25
1189	2152	1.25
807	2152	1.25
1067	2152	1.25
1067	2152	1.25
1067	2152	1.25
1067	2152	1.25
2197	2152	1.25
1350	2152	1.25
949	2152	1.25
1604	2152	1.25
983	2152	1.25
646	2152	1.25
1173	2152	1.25
2122	2152	1.25
2188	2152	1.25
327	2152	1.25
1693	2152	1.25
1815	2152	1.25
2192	2152	1.25
1553	2152	1.25
1761	2152	1.25
434	2152	1.25
464	2152	1.25
1330	2152	1.25
746	2152	1.25
1179	2152	1.25
567	2152	1.25
1134	2152	1.25
545	2152	1.25
1580	2152	1.25
73	2152	1.25
1740	2152	1.25
1309	2152	1.25
1860	2152	1.25
1860	2152	1.25
1860	2152	1.25
1313	2152	1.25
276	2152	1.25
1219	2152	1.25
1662	2152	1.25
1024	2152	1.25
359	2152	1.25
34	2152	1.25
2056	2152	1.25
500	2152	1.25
923	2152	1.25
318	2152	1.25
318	2152	1.25
318	2152	1.25
318	2152	1.25
318	2152	1.25
318	2152	1.25
318	2152	1.25
318	2152	1.25
318	2152	1.25
1110	2152	1.25
1588	2152	1.25
798	2152	1.25
798	2152	1.25
798	2152	1.25
798	2152	1.25
798	2152	1.25
798	2152	1.25
798	2152	1.25
798	2152	1.25
798	2152	1.25
798	2152	1.25
798	2152	1.25
64	182	1.25
743	182	1.25
877	182	1.25
1941	182	1.25
294	182	1.25
13	182	1.25
1849	182	1.25
2002	182	1.25
1189	182	1.25
1129	182	1.25
798	182	1.25
2002	182	1.25
2002	182	1.25
2140	182	1.25
158	155	1.25
704	155	1.25
2140	155	1.25
2140	155	1.25
753	155	1.25
877	155	1.25
743	155	1.25
656	155	1.25
2002	155	1.25
2002	155	1.25
2002	155	1.25
2002	155	1.25
2002	155	1.25
294	155	1.25
64	155	1.25
743	155	1.25
2002	155	1.25
64	155	1.25
743	155	1.25
2002	155	1.25
64	155	1.25
743	155	1.25
2002	155	1.25
64	155	1.25
743	155	1.25
2002	155	1.25
64	155	1.25
743	155	1.25
2002	155	1.25
64	155	1.25
743	155	1.25
2002	155	1.25
64	155	1.25
2002	155	1.25
2002	155	1.25
743	155	1.25
743	155	1.25
743	155	1.25
743	155	1.25
743	155	1.25
743	155	1.25
743	155	1.25
743	155	1.25
743	155	1.25
743	155	1.25
743	155	1.25
743	155	1.25
2140	1003	1.25
1140	1003	1.25
877	1003	1.25
2140	1003	1.25
294	1003	1.25
950	1003	1.25
293	1003	1.25
1852	1003	1.25
798	1003	1.25
715	1003	1.25
798	1003	1.25
2193	1003	1.25
2076	1003	1.25
1579	1003	1.25
798	1003	1.25
520	1003	1.25
1120	1003	1.25
1871	1003	1.25
2001	1003	1.25
314	1003	1.25
668	1003	1.25
1136	1003	1.25
798	1003	1.25
336	1003	1.25
2087	1003	1.25
851	1003	1.25
798	1003	1.25
2002	1003	1.25
1624	1003	1.25
64	1003	1.25
1505	1003	1.25
969	1003	1.25
805	1003	1.25
798	1003	1.25
1421	1003	1.25
798	1003	1.25
798	1003	1.25
798	1003	1.25
798	1003	1.25
743	1003	1.25
798	1003	1.25
798	1003	1.25
798	1003	1.25
798	1003	1.25
798	1003	1.25
798	1003	1.25
798	1003	1.25
798	1003	1.25
798	1003	1.25
1067	2010	1.25
64	2010	1.25
1359	2003	1.25
1835	2003	1.25
1069	2003	1.25
1878	2003	1.25
478	2003	1.25
381	2003	1.25
532	2003	1.25
257	2003	1.25
1894	2003	1.25
1059	2003	1.25
361	2003	1.25
439	2003	1.25
699	2003	1.25
399	2003	1.25
1542	2003	1.25
1892	2003	1.25
2007	2003	1.25
429	2003	1.25
2124	2003	1.25
1879	2003	1.25
796	2003	1.25
1871	2003	1.25
858	2003	1.25
1289	2003	1.25
1684	2003	1.25
760	2003	1.25
1345	2003	1.25
1130	2003	1.25
1970	2003	1.25
1869	2003	1.25
285	2003	1.25
704	2003	1.25
746	2003	1.25
503	2003	1.25
2031	2003	1.25
1648	2003	1.25
893	2003	1.25
893	2003	1.25
893	2003	1.25
2042	2008	1.25
1299	2008	1.25
64	2008	1.25
700	2008	1.25
893	2008	1.25
1137	2008	1.25
798	2119	1.25
2002	2119	1.25
2002	2119	1.25
1685	2119	1.25
1021	1119	1.25
1228	1119	1.25
877	1119	1.25
2002	1119	1.25
2140	1119	1.25
877	1119	1.25
294	1119	1.25
158	1119	1.25
1628	1119	1.25
1286	1119	1.25
535	1119	1.25
668	1119	1.25
2002	1119	1.25
2002	1119	1.25
2002	1119	1.25
902	1119	1.25
1918	1119	1.25
294	1119	1.25
64	1119	1.25
2002	1119	1.25
1709	1119	1.25
886	1119	1.25
2136	1119	1.25
753	1119	1.25
10	1119	1.25
2056	1119	1.25
1730	1119	1.25
1561	1119	1.25
1736	1119	1.25
1860	1119	1.25
668	1358	1.25
877	1358	1.25
668	1358	1.25
15	1358	1.25
877	1358	1.25
1802	1358	1.25
364	1358	1.25
668	1358	1.25
1140	1358	1.25
1140	1358	1.25
1140	1358	1.25
3	1358	1.25
1054	1358	1.25
842	1358	1.25
1089	1358	1.25
476	1358	1.25
1189	1358	1.25
64	1358	1.25
158	1358	1.25
2002	1358	1.25
64	1358	1.25
2002	1358	1.25
1067	1358	1.25
1808	1358	1.25
951	1358	1.25
9	1358	1.25
743	1358	1.25
743	1358	1.25
743	1358	1.25
743	1358	1.25
1933	1358	1.25
885	1358	1.25
1318	1358	1.25
294	1358	1.25
294	1358	1.25
1264	1498	1.25
2140	1498	1.25
743	832	1.25
1189	832	1.25
1189	832	1.25
540	832	1.25
76	832	1.25
1189	832	1.25
541	832	1.25
2153	832	1.25
1714	832	1.25
877	832	1.25
110	832	1.25
1920	832	1.25
1203	832	1.25
1203	832	1.25
1203	832	1.25
1203	832	1.25
1203	832	1.25
1203	832	1.25
1203	832	1.25
1203	832	1.25
1203	832	1.25
1203	832	1.25
1203	832	1.25
1203	832	1.25
1203	832	1.25
1203	832	1.25
1203	832	1.25
1203	832	1.25
1203	832	1.25
1203	832	1.25
1203	832	1.25
1203	832	1.25
1203	832	1.25
1203	832	1.25
1203	832	1.25
1203	832	1.25
1203	832	1.25
1203	832	1.25
294	393	1.25
551	393	1.25
965	393	1.25
743	393	1.25
1918	393	1.25
1985	393	1.25
1332	393	1.25
538	393	1.25
1140	393	1.25
169	393	1.25
1090	393	1.25
2002	393	1.25
804	393	1.25
207	393	1.25
64	393	1.25
2002	393	1.25
2002	393	1.25
2002	393	1.25
2002	393	1.25
753	779	1.25
1067	779	1.25
1592	779	1.25
1642	779	1.25
893	779	1.25
1289	779	1.25
743	779	1.25
282	779	1.25
1794	779	1.25
1595	779	1.25
1736	779	1.25
773	647	1.25
1888	647	1.25
2002	647	1.25
1628	647	1.25
1628	647	1.25
1628	647	1.25
2016	647	1.25
877	647	1.25
294	647	1.25
743	647	1.25
294	647	1.25
743	647	1.25
743	647	1.25
743	647	1.25
743	647	1.25
743	647	1.25
2002	647	1.25
64	647	1.25
743	647	1.25
2002	647	1.25
64	647	1.25
743	647	1.25
2002	647	1.25
64	647	1.25
64	647	1.25
64	647	1.25
64	647	1.25
743	647	1.25
743	647	1.25
743	647	1.25
743	647	1.25
743	647	1.25
743	647	1.25
743	647	1.25
743	647	1.25
743	647	1.25
743	647	1.25
743	647	1.25
1798	1997	1.25
956	1202	1.25
949	1202	1.25
1384	1202	1.25
303	1202	1.25
2192	1202	1.25
814	1202	1.25
294	1202	1.25
1328	1202	1.25
514	1202	1.25
138	1202	1.25
1140	1202	1.25
1138	1202	1.25
184	1202	1.25
50	1202	1.25
2002	1202	1.25
1572	1202	1.25
475	1202	1.25
126	1202	1.25
1516	1202	1.25
743	1202	1.25
1189	1202	1.25
1189	1202	1.25
1364	1202	1.25
1247	1202	1.25
64	1202	1.25
1364	1202	1.25
1965	1464	1.25
902	1464	1.25
1067	1464	1.25
2140	1464	1.25
2140	1464	1.25
910	1464	1.25
64	1464	1.25
64	1464	1.25
1849	1464	1.25
294	1464	1.25
1286	1464	1.25
1140	1464	1.25
294	1464	1.25
949	1464	1.25
158	1464	1.25
1193	1464	1.25
1140	315	1.25
1853	315	1.25
743	315	1.25
1345	315	1.25
2002	315	1.25
294	315	1.25
2140	1227	1.25
1345	1227	1.25
1345	1227	1.25
242	1227	1.25
2140	1227	1.25
743	1227	1.25
2002	1227	1.25
743	1227	1.25
743	1227	1.25
2140	1227	1.25
1713	1277	1.25
452	1277	1.25
2198	1277	1.25
2011	1277	1.25
1686	1277	1.25
1675	1277	1.25
1568	1277	1.25
877	1277	1.25
26	1277	1.25
1784	1277	1.25
1231	1277	1.25
798	1277	1.25
671	1277	1.25
2002	1277	1.25
2156	1277	1.25
1584	1277	1.25
2002	1277	1.25
1189	1277	1.25
2047	1277	1.25
672	1277	1.25
2140	1277	1.25
1606	1277	1.25
383	1277	1.25
877	56	1.25
2142	56	1.25
343	378	1.25
2002	56	1.25
668	56	1.25
414	56	1.25
64	56	1.25
2002	56	1.25
2140	56	1.25
743	56	1.25
1849	161	1.25
2174	161	1.25
1212	161	1.25
1345	161	1.25
1219	161	1.25
2140	161	1.25
2140	161	1.25
2140	161	1.25
743	161	1.25
41	161	1.25
2140	161	1.25
1776	161	1.25
1067	161	1.25
242	161	1.25
1499	161	1.25
33	161	1.25
1546	161	1.25
1122	161	1.25
743	1937	1.25
2016	1937	1.25
1918	1937	1.25
311	1937	1.25
397	1937	1.25
1193	1937	1.25
1102	1937	1.25
2158	1937	1.25
294	1937	1.25
2002	1937	1.25
2002	1937	1.25
988	1937	1.25
577	1937	1.25
294	1937	1.25
2105	1937	1.25
1849	1937	1.25
1849	1937	1.25
2002	1937	1.25
1223	1937	1.25
1286	1937	1.25
1067	1937	1.25
1067	1937	1.25
32	1937	1.25
2185	1937	1.25
64	1937	1.25
64	1937	1.25
64	1937	1.25
2140	379	1.25
253	379	1.25
1828	379	1.25
2157	379	1.25
738	379	1.25
1335	379	1.25
1328	379	1.25
61	379	1.25
1189	379	1.25
2002	379	1.25
1006	379	1.25
877	379	1.25
571	379	1.25
2025	379	1.25
1798	1718	1.25
1140	1718	1.25
877	1718	1.25
64	1718	1.25
64	1718	1.25
64	1718	1.25
64	1718	1.25
2140	1718	1.25
2140	1718	1.25
2140	1718	1.25
743	1718	1.25
743	1718	1.25
636	1151	1.25
594	1151	1.25
743	1151	1.25
798	1151	1.25
2140	1151	1.25
743	1151	1.25
1951	1151	1.25
1604	1151	1.25
871	1151	1.25
1675	1151	1.25
996	1151	1.25
925	1151	1.25
1189	1151	1.25
2016	1151	1.25
145	1151	1.25
1189	1151	1.25
381	1151	1.25
115	1151	1.25
64	1151	1.25
1945	1151	1.25
1056	1151	1.25
1978	1151	1.25
994	1151	1.25
64	813	1.25
2140	813	1.25
1594	2106	1.25
2140	2106	1.25
2140	2106	1.25
1212	2106	1.25
1421	2106	1.25
743	2106	1.25
743	2106	1.25
270	2106	1.25
294	2106	1.25
743	2106	1.25
743	2106	1.25
64	2106	1.25
2136	2106	1.25
64	2106	1.25
294	2106	1.25
743	2106	1.25
294	2106	1.25
1137	2106	1.25
746	2106	1.25
746	2106	1.25
1140	2106	1.25
668	2106	1.25
668	2106	1.25
2002	2106	1.25
2002	2106	1.25
949	2106	1.25
1345	2106	1.25
2002	2106	1.25
2002	2106	1.25
1853	589	1.25
1592	589	1.25
294	589	1.25
1011	589	1.25
1861	589	1.25
1979	1346	1.25
1614	1346	1.25
408	1346	1.25
106	1346	1.25
1408	1346	1.25
1289	1346	1.25
928	1346	1.25
1074	1346	1.25
62	1346	1.25
2087	1346	1.25
2140	1346	1.25
64	1346	1.25
877	1346	1.25
1345	1346	1.25
908	1346	1.25
877	1346	1.25
1189	1346	1.25
1189	1346	1.25
893	1268	1.25
1067	1268	1.25
743	1063	1.25
64	1063	1.25
1628	1063	1.25
64	1063	1.25
64	1063	1.25
1140	1063	1.25
64	1063	1.25
396	1063	1.25
414	1063	1.25
1474	1063	1.25
64	1063	1.25
64	1063	1.25
64	1063	1.25
64	1063	1.25
64	1063	1.25
64	1063	1.25
64	1063	1.25
743	1063	1.25
743	1063	1.25
743	1063	1.25
743	1063	1.25
743	1063	1.25
743	1063	1.25
1628	1387	1.25
2002	1387	1.25
2140	1387	1.25
1345	1387	1.25
294	1387	1.25
1140	1387	1.25
1307	1387	1.25
294	2061	1.25
1736	1769	1.25
2002	1769	1.25
2140	1769	1.25
1623	903	1.25
272	903	1.25
624	903	1.25
1364	903	1.25
453	903	1.25
1364	903	1.25
761	903	1.25
1364	903	1.25
1685	903	1.25
1685	903	1.25
668	903	1.25
1364	903	1.25
537	903	1.25
743	903	1.25
2002	903	1.25
64	903	1.25
135	903	1.25
1770	903	1.25
1140	645	1.25
743	645	1.25
1345	1895	1.25
1067	749	1.25
1207	749	1.25
743	749	1.25
746	749	1.25
2149	749	1.25
872	749	1.25
1286	749	1.25
609	749	1.25
902	749	1.25
294	749	1.25
2103	749	1.25
1632	749	1.25
564	749	1.25
1798	749	1.25
355	749	1.25
1318	749	1.25
704	749	1.25
1189	749	1.25
949	749	1.25
949	749	1.25
1603	749	1.25
1918	749	1.25
1548	749	1.25
2140	749	1.25
1140	604	1.25
1343	604	1.25
1743	604	1.25
1723	604	1.25
1289	604	1.25
2016	604	1.25
2142	604	1.25
1794	604	1.25
697	604	1.25
2002	604	1.25
1067	604	1.25
820	604	1.25
949	1216	1.25
64	1216	1.25
1067	1216	1.25
294	1216	1.25
1140	1216	1.25
89	1216	1.25
743	1216	1.25
2002	1216	1.25
1079	1216	1.25
343	384	5.0
877	1216	1.25
2140	1216	1.25
743	2012	1.25
1405	1765	1.25
1140	1765	1.25
2002	1765	1.25
877	1765	1.25
877	1765	1.25
877	2021	1.25
1007	2021	1.25
199	2021	1.25
743	2021	1.25
877	2021	1.25
137	2021	1.25
743	2021	1.25
1516	2021	1.25
1398	2021	1.25
2140	2021	1.25
415	2021	1.25
753	2021	1.25
1985	2021	1.25
1296	2021	1.25
1409	2021	1.25
1982	2021	1.25
1364	2021	1.25
1364	2021	1.25
385	113	1.25
1564	113	1.25
743	113	1.25
2140	113	1.25
1067	113	1.25
981	113	1.25
2016	113	1.25
1935	113	1.25
2002	113	1.25
2002	113	1.25
1074	958	1.25
575	958	1.25
1011	958	1.25
294	958	1.25
546	958	1.25
1364	958	1.25
1193	1461	1.25
704	1461	1.25
1869	1461	1.25
893	1461	1.25
1199	1461	1.25
2149	1668	1.25
276	1668	1.25
877	1668	1.25
949	93	1.25
1761	93	1.25
2149	93	1.25
1484	93	1.25
167	93	1.25
1189	93	1.25
646	93	1.25
891	93	1.25
1815	93	1.25
2140	93	1.25
318	93	1.25
318	93	1.25
318	93	1.25
318	93	1.25
318	93	1.25
798	93	1.25
798	93	1.25
798	93	1.25
798	93	1.25
798	93	1.25
81	815	1.25
877	815	1.25
603	815	1.25
294	815	1.25
64	815	1.25
668	815	1.25
1817	461	1.25
1328	461	1.25
919	461	1.25
1628	461	1.25
743	461	1.25
12	461	1.25
1067	461	1.25
18	461	1.25
1566	461	1.25
2140	461	1.25
2153	461	1.25
1140	461	1.25
64	461	1.25
2002	461	1.25
2002	461	1.25
2002	461	1.25
1632	461	1.25
2002	461	1.25
2002	461	1.25
64	461	1.25
743	461	1.25
743	461	1.25
743	461	1.25
743	461	1.25
743	461	1.25
1289	31	1.25
1189	31	1.25
521	31	1.25
1193	31	1.25
1289	31	1.25
2002	31	1.25
1743	31	1.25
1642	31	1.25
240	31	1.25
27	31	1.25
537	31	1.25
200	31	1.25
296	31	1.25
248	31	1.25
1978	828	1.25
877	828	1.25
2140	828	1.25
64	828	1.25
649	828	1.25
634	828	1.25
1345	828	1.25
2002	828	1.25
89	2070	1.25
743	2070	1.25
1193	2070	1.25
743	2048	1.25
893	2048	1.25
1849	2048	1.25
2002	2048	1.25
394	2048	1.25
2002	2048	1.25
746	2048	1.25
2082	2048	1.25
2002	2048	1.25
276	2048	1.25
814	2048	1.25
606	2048	1.25
2140	2048	1.25
2140	2048	1.25
2140	2048	1.25
2140	2048	1.25
2140	2048	1.25
2140	2048	1.25
877	2048	1.25
743	1554	1.25
553	1554	1.25
668	1554	1.25
1533	1554	1.25
743	1554	1.25
1849	1554	1.25
743	1554	1.25
1849	1554	1.25
2149	1554	1.25
529	1554	1.25
1212	1554	1.25
1650	1554	1.25
1942	1554	1.25
984	1554	1.25
1918	1554	1.25
2002	1554	1.25
1557	1554	1.25
294	1554	1.25
2002	1554	1.25
2140	203	1.25
1873	1524	1.25
907	1524	1.25
417	1524	1.25
1448	1524	1.25
743	1524	1.25
1405	1524	1.25
1189	1524	1.25
798	1524	1.25
1189	1524	1.25
612	1524	1.25
896	1524	1.25
370	1524	1.25
613	1524	1.25
318	1524	1.25
2187	1524	1.25
638	1524	1.25
2016	1524	1.25
877	1524	1.25
877	1524	1.25
1343	1143	1.25
294	1143	1.25
743	1143	1.25
743	1143	1.25
29	662	1.25
23	662	1.25
2140	662	1.25
1380	662	1.25
1131	662	1.25
1189	662	1.25
1189	662	1.25
1189	662	1.25
243	662	1.25
2192	662	1.25
1067	662	1.25
2149	662	1.25
318	662	1.25
318	662	1.25
2149	662	1.25
743	662	1.25
798	662	1.25
798	662	1.25
798	662	1.25
2107	1208	1.25
316	1208	1.25
116	1208	1.25
1604	1208	1.25
641	1208	1.25
988	1208	1.25
1474	1208	1.25
1274	1208	1.25
42	1208	1.25
679	1208	1.25
1083	1208	1.25
1270	1208	1.25
570	1208	1.25
335	1208	1.25
331	1208	1.25
748	1208	1.25
382	1208	1.25
766	1208	1.25
1385	1961	1.25
1519	1961	1.25
877	1961	1.25
877	1961	1.25
1611	1961	1.25
1203	1961	1.25
1203	1961	1.25
743	1961	1.25
1364	1961	1.25
1364	1961	1.25
1286	1961	1.25
1203	1961	1.25
2002	1961	1.25
1042	1961	1.25
798	1961	1.25
798	1961	1.25
294	1961	1.25
294	1961	1.25
294	1961	1.25
648	765	1.25
1189	765	1.25
817	765	1.25
229	765	1.25
2187	765	1.25
290	765	1.25
1901	765	1.25
1193	765	1.25
711	765	1.25
115	765	1.25
46	765	1.25
683	765	1.25
1843	765	1.25
607	765	1.25
1330	765	1.25
2019	765	1.25
356	765	1.25
2140	1813	1.25
153	978	1.25
371	978	1.25
581	978	1.25
277	978	1.25
877	978	1.25
1002	978	1.25
64	978	1.25
2162	978	1.25
294	978	1.25
1403	978	1.25
2105	978	1.25
2140	978	1.25
2140	978	1.25
2002	978	1.25
2002	978	1.25
2002	978	1.25
2002	978	1.25
1563	483	1.25
877	483	1.25
685	483	1.25
743	483	1.25
1006	483	1.25
282	483	1.25
1289	483	1.25
1454	483	1.25
776	483	1.25
687	483	1.25
1328	483	1.25
1794	483	1.25
264	483	1.25
542	483	1.25
949	483	1.25
1888	483	1.25
893	483	1.25
396	483	1.25
2002	483	1.25
1971	483	1.25
1193	1599	1.25
1798	1599	1.25
877	1599	1.25
1533	1599	1.25
891	1599	1.25
64	1599	1.25
1074	1599	1.25
1519	1599	1.25
2002	1599	1.25
902	1599	1.25
1614	1599	1.25
743	459	1.25
1200	459	1.25
902	459	1.25
1421	459	1.25
2002	459	1.25
2140	459	1.25
2140	459	1.25
294	459	1.25
743	659	1.25
294	659	1.25
501	265	1.25
1212	265	1.25
1067	265	1.25
1592	265	1.25
1628	265	1.25
2140	265	1.25
902	265	1.25
1849	265	1.25
1289	265	1.25
877	265	1.25
660	265	1.25
1150	265	1.25
294	265	1.25
2002	265	1.25
1980	1960	1.25
2140	1960	1.25
2140	1960	1.25
2192	1960	1.25
798	1960	1.25
1189	1960	1.25
462	1960	1.25
743	2095	1.25
2002	2095	1.25
743	2095	1.25
408	2095	1.25
916	493	1.25
1189	493	1.25
1189	493	1.25
1641	493	1.25
1716	493	1.25
1481	493	1.25
974	493	1.25
557	493	1.25
1566	493	1.25
2058	493	1.25
2195	493	1.25
114	493	1.25
97	214	1.25
619	214	1.25
546	214	1.25
1140	214	1.25
2140	214	1.25
1364	214	1.25
704	214	1.25
1289	214	1.25
2002	214	1.25
2002	214	1.25
1849	513	1.25
924	513	1.25
1189	513	1.25
27	513	1.25
244	513	1.25
668	513	1.25
2140	513	1.25
1510	349	1.25
743	349	1.25
1860	349	1.25
64	349	1.25
2149	1220	1.25
1219	1220	1.25
1140	1220	1.25
876	1220	1.25
1642	1220	1.25
893	1220	1.25
1849	1220	1.25
743	1220	1.25
1161	1220	1.25
704	1220	1.25
537	1220	1.25
1685	1220	1.25
294	1220	1.25
2186	1220	1.25
1193	1793	1.25
2199	1793	1.25
609	1793	1.25
318	1793	1.25
2140	1793	1.25
1088	1793	1.25
1899	1793	1.25
1322	1793	1.25
1439	1793	1.25
570	1793	1.25
535	1793	1.25
1037	1793	1.25
857	1793	1.25
2051	1793	1.25
1114	1793	1.25
1140	1793	1.25
1140	416	1.25
2140	416	1.25
2149	416	1.25
2186	416	1.25
2002	416	1.25
546	416	1.25
546	416	1.25
814	368	1.25
753	999	1.25
1189	999	1.25
1189	999	1.25
43	999	1.25
158	999	1.25
64	999	1.25
1345	999	1.25
1860	999	1.25
1067	999	1.25
1406	1471	1.25
902	1471	1.25
2149	1471	1.25
2140	1471	1.25
1193	1471	1.25
2140	1471	1.25
2140	1471	1.25
808	1471	1.25
294	1471	1.25
294	1471	1.25
1364	1471	1.25
1201	1471	1.25
294	1471	1.25
753	1471	1.25
1918	1471	1.25
949	1471	1.25
877	1471	1.25
877	1471	1.25
1693	1471	1.25
2002	1471	1.25
294	1471	1.25
1333	419	1.25
1067	419	1.25
1930	419	1.25
891	419	1.25
86	419	1.25
278	419	1.25
641	419	1.25
1286	419	1.25
1436	419	1.25
525	419	1.25
1091	419	1.25
534	419	1.25
534	419	1.25
534	419	1.25
534	419	1.25
305	1065	1.25
1067	1065	1.25
725	1065	1.25
1289	1065	1.25
294	1065	1.25
1189	1065	1.25
2002	1065	1.25
2140	1065	1.25
1436	1065	1.25
1628	1065	1.25
585	1065	1.25
2140	1065	1.25
193	1065	1.25
64	1065	1.25
64	1065	1.25
64	1065	1.25
877	1065	1.25
64	845	1.25
1286	845	1.25
1364	845	1.25
294	845	1.25
294	845	1.25
2192	845	1.25
501	845	1.25
526	845	1.25
1140	845	1.25
1345	845	1.25
668	845	1.25
668	845	1.25
1125	845	1.25
1356	845	1.25
877	845	1.25
979	1890	1.25
440	943	1.25
89	943	1.25
939	943	1.25
1722	943	1.25
704	943	1.25
1854	943	1.25
673	943	1.25
1974	943	1.25
2049	943	1.25
2140	943	1.25
546	943	1.25
2002	943	1.25
732	943	1.25
743	212	1.25
1067	212	1.25
2140	212	1.25
2015	1710	1.25
537	1710	1.25
2002	1710	1.25
2002	1710	1.25
474	1710	1.25
985	1710	1.25
2192	1710	1.25
949	1710	1.25
2101	1710	1.25
64	1123	1.25
1935	1123	1.25
1760	1123	1.25
1841	1123	1.25
1642	1123	1.25
932	1123	1.25
985	2130	1.25
1869	2130	1.25
1722	2130	1.25
981	2130	1.25
1221	2130	1.25
408	2130	1.25
380	2130	1.25
893	2130	1.25
2140	2130	1.25
1642	2130	1.25
553	2130	1.25
1421	2130	1.25
1623	2130	1.25
704	2130	1.25
704	2130	1.25
919	2130	1.25
64	2130	1.25
1101	991	1.25
1924	991	1.25
928	1480	1.25
642	1480	1.25
1592	1480	1.25
64	1480	1.25
518	1480	1.25
690	1480	1.25
2002	1480	1.25
2087	1480	1.25
1231	1480	1.25
1684	1480	1.25
1809	1480	1.25
1711	1480	1.25
2074	454	1.25
1628	454	1.25
877	454	1.25
743	454	1.25
743	454	1.25
2140	454	1.25
1189	454	1.25
1519	454	1.25
2002	454	1.25
1345	454	1.25
294	454	1.25
1140	454	1.25
1345	1719	1.25
414	1719	1.25
1067	1719	1.25
1187	1719	1.25
208	1719	1.25
1289	2160	1.25
1888	2160	1.25
790	2160	1.25
757	2160	1.25
2188	2160	1.25
1006	2160	1.25
2100	2160	1.25
396	2160	1.25
163	2160	1.25
949	2160	1.25
146	2160	1.25
1067	1926	1.25
877	1926	1.25
89	1926	1.25
2002	1540	1.25
2002	583	1.25
1592	583	1.25
1918	2075	1.25
101	2075	1.25
746	2075	1.25
1345	2075	1.25
1193	2075	1.25
1193	2075	1.25
2140	2075	1.25
64	2075	1.25
2140	2075	1.25
64	2075	1.25
743	2075	1.25
2002	2075	1.25
2002	2075	1.25
2002	2075	1.25
609	1020	1.25
798	1020	1.25
294	1020	1.25
1193	1020	1.25
2002	1020	1.25
1364	1020	1.25
1364	1020	1.25
818	1020	1.25
2002	1020	1.25
64	1020	1.25
1401	1020	1.25
1918	1020	1.25
1203	1020	1.25
1203	1020	1.25
64	172	1.25
64	172	1.25
2140	172	1.25
2140	172	1.25
1348	172	1.25
2002	172	1.25
949	172	1.25
877	172	1.25
432	1142	1.25
1305	1142	1.25
2142	1142	1.25
135	1142	1.25
1792	1142	1.25
1348	1142	1.25
876	1142	1.25
902	620	1.25
158	620	1.25
2002	620	1.25
2206	620	1.25
1193	620	1.25
1421	620	1.25
283	620	1.25
294	620	1.25
294	620	1.25
522	620	1.25
294	620	1.25
291	620	1.25
294	620	1.25
1816	742	1.25
408	742	1.25
64	742	1.25
2140	742	1.25
1140	1949	1.25
1189	1949	1.25
1345	1949	1.25
1193	1949	1.25
1918	1949	1.25
877	1949	1.25
928	1949	1.25
753	1949	1.25
2002	1949	1.25
1067	1949	1.25
2002	1949	1.25
1067	1949	1.25
743	1949	1.25
743	1949	1.25
877	1558	1.25
1140	1558	1.25
877	1558	1.25
1595	1558	1.25
668	1558	1.25
294	1558	1.25
294	1558	1.25
1074	1558	1.25
743	1558	1.25
902	1558	1.25
1067	1558	1.25
1950	1558	1.25
284	1558	1.25
2002	1558	1.25
84	1801	1.25
591	1801	1.25
1685	1801	1.25
806	1801	1.25
342	1801	1.25
733	1801	1.25
1784	1801	1.25
928	1801	1.25
686	1801	1.25
2002	1801	1.25
1189	1801	1.25
743	1801	1.25
743	1801	1.25
743	1801	1.25
743	1801	1.25
2002	1824	1.25
1147	2166	1.25
1487	2166	1.25
264	2166	1.25
2002	2166	1.25
2018	2166	1.25
147	2166	1.25
2018	2166	1.25
689	2166	1.25
1140	2166	1.25
563	2166	1.25
1808	2166	1.25
1345	2166	1.25
277	2166	1.25
1189	2166	1.25
2002	2009	1.25
2002	2009	1.25
1079	2009	1.25
1681	2009	1.25
1364	2009	1.25
1364	2009	1.25
1364	2009	1.25
1860	2009	1.25
766	2063	1.25
743	2063	1.25
2140	2063	1.25
64	2063	1.25
2140	834	1.25
877	834	1.25
656	1166	1.25
743	1166	1.25
1592	1166	1.25
1455	1166	1.25
705	1166	1.25
725	1166	1.25
2002	1166	1.25
985	1166	1.25
949	1166	1.25
1417	1166	1.25
1289	1166	1.25
893	1576	1.25
125	83	1.25
2140	83	1.25
318	83	1.25
2042	83	1.25
1171	83	1.25
340	83	1.25
64	83	1.25
64	83	1.25
798	83	1.25
1203	83	1.25
294	83	1.25
761	83	1.25
2002	1266	1.25
1798	1266	1.25
2140	1266	1.25
573	1266	1.25
294	1266	1.25
64	1438	1.25
2140	436	1.25
64	436	1.25
743	436	1.25
2002	436	1.25
766	436	1.25
949	436	1.25
757	436	1.25
697	436	1.25
1345	5	1.25
743	5	1.25
743	5	1.25
1189	595	1.25
877	595	1.25
2002	595	1.25
939	1017	1.25
45	1017	1.25
1345	1017	1.25
1289	1017	1.25
1079	1017	1.25
1516	1017	1.25
2002	1017	1.25
1620	457	1.25
2146	457	1.25
1404	457	1.25
889	457	1.25
1107	457	1.25
798	457	1.25
2150	457	1.25
1147	457	1.25
1189	457	1.25
2071	457	1.25
775	457	1.25
1854	1383	1.25
1421	1383	1.25
2002	1383	1.25
527	1383	1.25
1685	1383	1.25
743	1383	1.25
1901	1383	1.25
1841	1383	1.25
64	1383	1.25
1535	1383	1.25
1623	1567	1.25
706	1567	1.25
704	1567	1.25
877	1912	1.25
668	1912	1.25
743	1912	1.25
743	1912	1.25
743	1912	1.25
743	1912	1.25
296	1912	1.25
1193	1912	1.25
2002	1912	1.25
89	1912	1.25
2185	1912	1.25
1849	1912	1.25
64	1912	1.25
294	1912	1.25
294	1912	1.25
64	433	1.25
1140	433	1.25
1740	433	1.25
1189	433	1.25
902	433	1.25
1682	1922	1.25
687	1922	1.25
876	1922	1.25
700	1922	1.25
1685	1922	1.25
1685	1922	1.25
1289	1922	1.25
877	268	1.25
89	118	1.25
877	118	1.25
135	118	1.25
147	118	1.25
618	118	1.25
656	118	1.25
1634	118	1.25
120	118	1.25
704	118	1.25
1121	118	1.25
766	118	1.25
537	118	1.25
743	118	1.25
1474	118	1.25
1137	406	1.25
1623	406	1.25
1918	406	1.25
668	406	1.25
1193	406	1.25
877	406	1.25
294	406	1.25
294	406	1.25
294	406	1.25
1067	406	1.25
2140	406	1.25
949	406	1.25
1345	406	1.25
1345	406	1.25
743	1453	1.25
2115	496	1.25
1193	496	1.25
2149	496	1.25
2140	496	1.25
668	496	1.25
743	496	1.25
2140	496	1.25
877	496	1.25
294	496	1.25
1421	496	1.25
743	496	1.25
2140	95	1.25
1140	95	1.25
2140	95	1.25
949	317	1.25
1193	317	1.25
893	317	1.25
746	317	1.25
1067	317	1.25
2121	317	1.25
2136	317	1.25
147	317	1.25
294	317	1.25
294	317	1.25
294	317	1.25
2002	317	1.25
2140	317	1.25
45	1750	1.25
1421	1750	1.25
900	1750	1.25
743	1750	1.25
86	1750	1.25
902	1750	1.25
2002	1750	1.25
2002	1750	1.25
2002	1750	1.25
2002	1750	1.25
743	1250	1.25
753	1250	1.25
1440	1250	1.25
576	1113	1.25
158	1113	1.25
1140	1113	1.25
1704	1113	1.25
949	1113	1.25
294	1113	1.25
89	1113	1.25
743	1113	1.25
1704	1113	1.25
877	1113	1.25
877	1113	1.25
2140	1113	1.25
164	1752	1.25
1628	1752	1.25
1193	1752	1.25
563	1752	1.25
537	1752	1.25
1289	1752	1.25
2002	1752	1.25
1685	1752	1.25
1289	1752	1.25
2002	1752	1.25
64	1752	1.25
64	1752	1.25
2016	298	1.25
1410	298	1.25
1289	298	1.25
148	298	3.75
1500	298	1.25
1642	298	1.25
1592	298	1.25
2186	298	1.25
746	298	1.25
743	298	1.25
2140	298	1.25
1861	298	1.25
343	1253	3.75
2140	873	1.25
472	873	1.25
530	873	1.25
573	873	1.25
294	873	1.25
638	873	1.25
743	873	1.25
1189	873	1.25
877	873	1.25
2140	2177	1.25
910	1420	1.25
64	1420	1.25
877	1420	1.25
2002	131	1.25
1861	131	1.25
1150	131	1.25
876	131	1.25
902	131	1.25
1731	131	1.25
396	131	1.25
1794	131	1.25
757	131	1.25
877	1170	1.25
867	1170	1.25
294	1170	1.25
294	1170	1.25
408	1170	1.25
1519	1170	1.25
1516	1170	1.25
2016	1170	1.25
902	1170	1.25
1140	1170	1.25
1836	1170	1.25
1564	308	1.25
949	308	1.25
294	308	1.25
877	308	1.25
1067	308	1.25
2002	308	1.25
1623	1543	1.25
2025	1543	1.25
1519	1543	1.25
2140	1543	1.25
64	1543	1.25
502	1543	1.25
743	1338	1.25
27	1338	1.25
2016	1338	1.25
1938	1338	1.25
743	1338	1.25
264	1338	1.25
1440	1338	1.25
408	1338	1.25
2140	1338	1.25
288	1338	1.25
2140	1338	1.25
288	1338	1.25
1585	1399	1.25
62	1399	1.25
148	1399	1.25
715	1399	1.25
2002	1399	1.25
2002	1399	1.25
1345	2108	1.25
928	2108	1.25
344	2108	1.25
743	2108	1.25
1140	2108	1.25
1849	438	1.25
1421	438	1.25
743	438	1.25
877	438	1.25
380	544	1.25
1140	544	1.25
64	544	1.25
902	544	1.25
746	544	1.25
294	544	1.25
1849	544	1.25
2002	544	1.25
928	1482	1.25
743	1482	1.25
743	1482	1.25
64	1482	1.25
264	1482	1.25
2053	1482	1.25
1794	1482	1.25
414	1482	1.25
704	1482	1.25
537	1482	1.25
687	1482	1.25
619	1482	1.25
791	1881	1.25
877	625	1.25
1203	625	1.25
1067	625	1.25
1140	625	1.25
1364	625	1.25
1516	625	1.25
2002	625	1.25
64	625	1.25
64	625	1.25
64	625	1.25
743	625	1.25
294	1725	1.25
343	102	1.25
1419	378	1.25
2140	378	1.25
64	378	1.25
1278	378	1.25
1067	378	1.25
158	2090	1.25
743	2090	1.25
877	2090	1.25
1421	2118	1.25
746	2118	1.25
1592	2118	1.25
949	2118	1.25
704	2118	1.25
902	2155	1.25
1918	2155	1.25
746	2155	1.25
294	2155	1.25
294	2155	1.25
743	2155	1.25
2140	2155	1.25
1822	320	1.25
1935	320	1.25
2140	320	1.25
1289	320	1.25
1212	320	1.25
1364	320	1.25
537	320	1.25
1880	320	1.25
164	320	1.25
1685	320	1.25
294	320	1.25
1345	1622	1.25
1853	1622	1.25
1187	1622	1.25
687	1622	1.25
467	1622	1.25
902	1622	1.25
893	1622	1.25
893	1622	1.25
893	1622	1.25
686	1622	1.25
1364	1622	1.25
1364	1622	1.25
743	1035	1.25
2002	1035	1.25
1888	1507	1.25
1054	1507	1.25
1360	1507	1.25
2140	1507	1.25
2062	1507	1.25
225	1507	1.25
2002	1507	1.25
330	1507	1.25
746	1638	1.25
746	1638	1.25
2002	1638	1.25
1212	1638	1.25
1074	1638	1.25
743	1638	1.25
294	1638	1.25
761	1638	1.25
1736	1638	1.25
64	1638	1.25
928	1638	1.25
2140	1638	1.25
1516	391	1.25
952	391	1.25
64	391	1.25
1770	391	1.25
877	391	1.25
1314	391	1.25
1140	391	1.25
949	391	1.25
89	2112	1.25
1067	2112	1.25
294	2112	1.25
1421	2147	1.25
877	2147	1.25
1364	2147	1.25
1364	2147	1.25
135	2147	1.25
1373	2147	1.25
2002	2147	1.25
1364	2147	1.25
546	1376	1.25
743	1376	1.25
228	1376	1.25
1345	1376	1.25
1643	1376	1.25
1966	1376	1.25
1193	1376	1.25
64	1376	1.25
704	1376	1.25
1978	389	1.25
2149	389	1.25
563	389	1.25
1714	389	1.25
2137	389	1.25
800	389	1.25
1074	389	1.25
64	389	1.25
343	410	1.25
294	389	1.25
400	1608	1.25
2002	1608	1.25
2002	1608	1.25
725	1608	1.25
877	1608	1.25
692	412	1.25
563	412	1.25
1986	112	1.25
2140	112	1.25
743	112	1.25
2140	195	1.25
2140	195	1.25
2140	195	1.25
64	195	1.25
893	195	1.25
2002	195	1.25
64	195	1.25
743	195	1.25
743	195	1.25
147	195	1.25
893	1165	1.25
746	1165	1.25
704	1165	1.25
2140	1165	1.25
343	1103	3.75
294	1165	1.25
2002	1165	1.25
1372	22	1.25
2002	22	1.25
2002	22	1.25
1161	409	1.25
746	409	1.25
563	409	1.25
704	409	1.25
1741	409	1.25
1685	409	1.25
358	299	1.25
64	299	1.25
64	299	1.25
2140	1469	1.25
64	1469	1.25
2140	1469	1.25
2142	1469	1.25
264	1469	1.25
537	1469	1.25
1870	1469	2.5
757	1469	1.25
1348	1469	1.25
2002	1469	1.25
704	25	1.25
1193	25	1.25
294	25	1.25
1798	25	1.25
294	25	1.25
2002	25	1.25
216	25	1.25
949	25	1.25
64	25	1.25
64	25	1.25
743	25	1.25
949	1541	1.25
1189	1541	1.25
819	1541	1.25
692	1541	1.25
477	1541	1.25
2140	1541	1.25
1440	1541	1.25
1398	1541	1.25
743	1541	1.25
798	151	1.25
1345	151	1.25
264	151	1.25
1415	151	1.25
294	151	1.25
64	151	1.25
2002	568	1.25
1421	568	1.25
668	568	1.25
743	568	1.25
164	2026	1.25
668	2026	1.25
893	2026	1.25
1140	2026	1.25
1704	2026	1.25
1763	2026	1.25
2140	2026	1.25
1704	2026	1.25
725	2026	1.25
1965	1457	1.25
1421	1457	1.25
2140	1457	1.25
877	1457	1.25
2140	1457	1.25
1628	1457	1.25
668	1457	1.25
2002	1457	1.25
687	1457	1.25
1140	1457	1.25
158	1466	1.25
2002	1466	1.25
743	1466	1.25
2002	1466	1.25
1345	1466	1.25
2018	1466	1.25
1067	1466	1.25
2140	1466	1.25
2140	1466	1.25
2140	1466	1.25
743	1466	1.25
64	78	1.25
820	78	1.25
753	78	1.25
1860	78	1.25
2140	78	1.25
2002	531	1.25
2002	531	1.25
743	531	1.25
294	531	1.25
294	1944	1.25
247	1944	1.25
1969	1944	1.25
1999	1944	1.25
1956	1944	1.25
1082	1944	1.25
1539	1944	1.25
2191	1944	1.25
2002	186	1.25
2136	186	1.25
1913	186	1.25
2149	186	1.25
877	186	1.25
1519	186	1.25
1189	186	1.25
743	186	1.25
2140	186	1.25
1193	1884	1.25
1561	1884	1.25
949	1884	1.25
2002	1884	1.25
2050	1884	1.25
2002	1884	1.25
64	1884	1.25
294	1884	1.25
294	1884	1.25
2140	1884	1.25
1628	802	1.25
743	802	1.25
743	802	1.25
877	802	1.25
949	802	1.25
2140	869	1.25
630	869	1.25
893	869	1.25
1758	869	1.25
598	869	1.25
147	1521	1.25
1305	1521	1.25
432	1521	1.25
325	1521	1.25
26	1521	1.25
876	1521	1.25
414	1521	1.25
64	1521	1.25
1861	1521	1.25
1614	175	1.25
1140	175	1.25
1140	175	1.25
1918	175	1.25
2140	175	1.25
2104	175	1.25
1632	175	1.25
2002	175	1.25
294	175	1.25
294	175	1.25
1212	1569	1.25
294	1569	1.25
158	1569	1.25
64	1569	1.25
668	1569	1.25
1364	1569	1.25
668	1569	1.25
668	1569	1.25
1140	1569	1.25
1547	1569	1.25
668	971	1.25
1615	971	1.25
2140	971	1.25
1356	971	1.25
1193	971	1.25
928	971	1.25
743	971	1.25
2002	971	1.25
902	971	1.25
1318	63	1.25
1537	63	1.25
1189	63	1.25
893	63	1.25
893	63	1.25
2149	63	1.25
686	63	1.25
1592	63	1.25
2140	63	1.25
1633	1341	1.25
64	1341	1.25
877	1341	1.25
1632	1341	1.25
2002	1341	1.25
743	1341	1.25
668	1757	1.25
1860	1757	1.25
2140	1757	1.25
1140	728	1.25
668	728	1.25
64	255	1.25
761	255	1.25
1408	255	3.75
1395	255	1.25
877	255	1.25
294	255	1.25
2140	255	1.25
798	1780	1.25
1815	1780	1.25
798	1780	1.25
1289	1780	1.25
646	1780	1.25
487	1780	1.25
1182	1780	1.25
318	1780	1.25
318	1780	1.25
837	596	1.25
2002	596	1.25
294	596	1.25
877	596	1.25
872	596	1.25
1427	596	1.25
1597	596	1.25
1343	469	1.25
668	469	1.25
949	469	1.25
743	469	1.25
158	469	1.25
877	469	1.25
2002	219	1.25
1421	219	1.25
743	219	1.25
798	611	1.25
2149	611	1.25
2149	611	1.25
2045	611	1.25
2192	611	1.25
200	611	1.25
865	611	1.25
1189	611	1.25
1189	611	1.25
2140	511	1.25
656	1688	1.25
2140	1688	1.25
2002	1688	1.25
2140	2057	1.25
2002	2057	1.25
408	2057	1.25
949	2057	1.25
1685	2057	1.25
380	915	1.25
1361	915	1.25
1717	915	1.25
1547	915	1.25
264	915	1.25
1189	915	1.25
704	915	1.25
1140	915	1.25
64	1560	1.25
2140	1560	1.25
1074	1560	1.25
842	1093	1.25
294	1093	1.25
877	1093	1.25
704	1093	1.25
2140	1093	1.25
2140	1093	1.25
877	936	1.25
877	936	1.25
1860	936	1.25
743	936	1.25
294	936	1.25
2002	789	1.25
668	789	1.25
1452	789	1.25
743	789	1.25
1140	1846	1.25
877	1846	1.25
1212	1846	1.25
743	1846	1.25
2016	1846	1.25
53	1846	1.25
64	1846	1.25
686	1846	1.25
1307	1494	1.25
1137	1494	1.25
902	1494	1.25
877	1494	1.25
1307	1494	1.25
949	1494	1.25
294	1494	1.25
2140	1494	1.25
743	1494	1.25
301	605	1.25
294	605	1.25
242	605	1.25
1067	605	1.25
1161	605	1.25
2002	605	1.25
2140	605	1.25
743	605	1.25
1161	605	1.25
743	1651	1.25
877	1651	1.25
697	1577	1.25
2140	1577	1.25
1516	1577	1.25
1144	1577	1.25
1345	1577	1.25
2018	1577	1.25
120	1485	1.25
1860	1485	1.25
1132	1485	1.25
687	1485	1.25
2002	1485	1.25
766	1485	1.25
1067	1485	1.25
64	1485	1.25
743	1744	1.25
1628	1744	1.25
294	1744	1.25
877	1744	1.25
343	1215	1.25
656	384	1.25
1421	384	1.25
64	384	1.25
89	1323	1.25
668	1323	1.25
668	1323	1.25
64	1323	1.25
1628	1323	1.25
743	1323	1.25
2002	1323	1.25
2002	1323	1.25
2140	1323	1.25
1934	549	1.25
2186	549	1.25
2101	549	1.25
41	549	1.25
294	549	1.25
294	549	1.25
2140	549	1.25
1841	549	1.25
692	1891	1.25
893	1891	1.25
537	1891	1.25
2069	1891	1.25
2140	1891	1.25
89	1256	1.25
893	1256	1.25
2140	1256	1.25
144	653	1.25
877	653	1.25
1345	653	1.25
2140	653	1.25
2002	653	1.25
2002	653	1.25
949	653	1.25
743	653	1.25
743	653	1.25
968	905	1.25
2182	905	1.25
1018	905	1.25
1140	905	1.25
97	905	1.25
2140	905	1.25
1364	905	1.25
2016	905	1.25
408	267	1.25
1516	267	1.25
743	267	1.25
89	267	1.25
2140	267	1.25
1345	267	1.25
1736	267	1.25
2140	267	1.25
1140	856	1.25
1121	856	1.25
1762	856	1.25
842	856	1.25
668	856	1.25
1348	856	1.25
296	856	1.25
2140	856	1.25
262	2068	1.25
2132	2068	1.25
1872	2068	1.25
1069	2068	1.25
1833	2044	1.25
2002	2044	1.25
1289	2170	1.25
1289	2170	1.25
2140	2170	1.25
408	2170	1.25
902	2170	1.25
1289	2170	1.25
704	2170	1.25
2002	1708	1.25
1189	1520	1.25
294	1520	1.25
2140	1520	1.25
746	1520	1.25
351	1520	1.25
668	1520	1.25
710	1520	1.25
1203	1777	1.25
432	1777	1.25
2002	1777	1.25
1685	1777	1.25
74	1777	1.25
1763	1777	1.25
876	1777	1.25
537	1777	1.25
893	1777	1.25
2206	176	1.25
1861	176	1.25
89	176	1.25
343	1215	3.75
143	176	1.25
1345	176	1.25
949	176	1.25
877	998	1.25
288	998	1.25
877	998	1.25
743	998	1.25
2074	1545	1.25
877	1545	1.25
893	1545	1.25
1624	91	1.25
1074	91	1.25
4	91	1.25
64	91	1.25
89	91	1.25
1140	91	1.25
743	91	1.25
877	91	1.25
264	1298	1.25
704	1298	1.25
2018	1298	1.25
1289	1298	1.25
687	1298	1.25
687	1298	1.25
45	1298	1.25
2149	1254	1.25
1140	1254	1.25
743	1254	1.25
1328	1254	1.25
64	1254	1.25
2140	1254	1.25
2002	1254	1.25
1547	345	1.25
127	345	1.25
1213	345	1.25
427	345	1.25
2140	345	1.25
1189	345	1.25
893	345	1.25
64	737	1.25
64	737	1.25
2002	737	1.25
2140	737	1.25
2140	737	1.25
1729	737	1.25
158	737	1.25
669	1678	1.25
1736	1678	1.25
1318	1678	1.25
2002	1678	1.25
1965	1678	1.25
1193	1678	1.25
2140	1678	1.25
743	1284	1.25
1861	512	1.25
64	512	1.25
1853	512	1.25
743	512	1.25
1723	512	1.25
208	512	1.25
949	512	1.25
1285	322	1.25
467	322	1.25
2186	322	1.25
337	322	1.25
537	322	1.25
108	322	3.75
2140	322	1.25
2192	1055	1.25
294	1055	1.25
949	1055	1.25
294	1055	1.25
1074	1055	1.25
1345	1055	1.25
668	1055	1.25
1955	1055	1.25
294	99	1.25
2140	99	1.25
2140	99	1.25
2140	99	1.25
746	99	1.25
64	99	1.25
668	99	1.25
230	1371	1.25
949	1371	1.25
2002	1371	1.25
743	1371	1.25
1816	1371	1.25
1140	1371	1.25
893	1371	1.25
877	762	1.25
877	762	1.25
2051	762	1.25
294	762	1.25
158	762	1.25
1345	762	1.25
704	762	1.25
902	2138	1.25
1849	2138	1.25
743	2138	1.25
949	2138	1.25
1067	2138	1.25
668	2138	1.25
1140	2138	1.25
743	1574	1.25
668	1574	1.25
668	1574	1.25
1450	1574	1.25
2140	1574	1.25
2140	1574	1.25
2140	1574	1.25
761	1587	1.25
2140	1587	1.25
64	1587	1.25
64	792	1.25
2140	792	1.25
2140	792	1.25
753	792	1.25
753	894	1.25
2140	894	1.25
877	894	1.25
877	894	1.25
1856	894	1.25
546	894	1.25
546	894	1.25
264	1660	1.25
1595	1660	1.25
704	1660	1.25
64	1660	1.25
1594	1660	1.25
1592	1660	1.25
1318	1116	1.25
2140	1116	1.25
1140	1116	1.25
2002	1116	1.25
2140	1116	1.25
64	77	1.25
757	1529	1.25
2140	1529	1.25
1289	1529	1.25
414	1529	1.25
704	1529	1.25
89	658	1.25
877	658	1.25
1849	1206	1.25
1860	1206	1.25
89	1206	1.25
1440	1206	1.25
294	1206	1.25
2002	1206	1.25
1942	1154	1.25
757	1154	1.25
240	1154	1.25
1861	1154	1.25
64	1154	1.25
687	1154	1.25
1628	516	1.25
877	516	1.25
294	516	1.25
2140	516	1.25
877	516	1.25
877	516	1.25
877	516	1.25
470	1954	1.25
64	1954	1.25
1189	1954	1.25
949	1954	1.25
704	1954	1.25
743	369	1.25
1249	227	1.25
1345	227	1.25
687	2029	1.25
1345	2029	1.25
877	2029	1.25
743	2029	1.25
2140	2029	1.25
1189	610	1.25
563	610	1.25
1187	610	1.25
704	610	1.25
1289	610	1.25
1794	610	1.25
294	456	1.25
294	456	1.25
877	456	1.25
877	456	1.25
743	456	1.25
743	456	1.25
743	456	1.25
294	622	1.25
743	622	1.25
877	622	1.25
877	543	1.25
2140	543	1.25
743	543	1.25
743	543	1.25
1345	722	1.25
743	722	1.25
89	119	1.25
743	119	1.25
1860	119	1.25
2002	119	1.25
1959	234	1.25
1129	234	1.25
1934	234	1.25
431	234	1.25
788	234	2.5
294	1460	1.25
64	1460	1.25
949	1195	1.25
1860	1195	1.25
2002	1209	1.25
1140	1209	1.25
64	888	1.25
1623	888	1.25
264	888	1.25
264	888	1.25
1289	888	1.25
1642	888	1.25
2002	678	1.25
743	678	1.25
2002	678	1.25
1274	657	1.25
1621	657	1.25
743	657	1.25
1825	392	1.25
877	392	1.25
743	392	1.25
2002	392	1.25
1345	392	1.25
1519	392	1.25
294	392	1.25
1669	1582	1.25
1623	1582	1.25
908	1400	1.25
743	1400	1.25
743	1400	1.25
877	1400	1.25
64	252	1.25
1189	252	1.25
743	252	1.25
2002	252	1.25
64	252	1.25
743	252	1.25
743	252	1.25
1067	1253	1.25
343	1215	1.25
2140	1253	1.25
64	1253	1.25
64	1253	1.25
668	1253	1.25
1079	825	1.25
408	825	1.25
289	825	1.25
1421	825	1.25
1734	825	1.25
808	580	1.25
1628	580	1.25
1421	716	1.25
2140	716	1.25
177	716	1.25
743	716	1.25
670	941	1.25
1095	941	1.25
294	941	1.25
2020	941	1.25
892	941	1.25
1795	271	1.25
949	271	1.25
743	271	1.25
631	271	1.25
1189	271	1.25
877	271	1.25
1682	1694	1.25
1137	1694	1.25
877	1694	1.25
1018	1694	1.25
2002	1694	1.25
1140	1694	1.25
877	1530	1.25
1641	1530	3.75
893	1530	1.25
1189	1530	1.25
2140	1530	1.25
294	1562	1.25
4	1562	1.25
823	1562	1.25
703	1562	1.25
2002	1562	1.25
748	1645	1.25
1067	1645	1.25
743	1645	1.25
1430	1645	1.25
343	1215	1.25
2140	1645	1.25
1674	1532	1.25
1736	1532	1.25
743	1532	1.25
1067	1532	1.25
343	1215	3.75
2140	1532	1.25
415	235	1.25
215	235	1.25
148	235	1.25
1140	235	1.25
1473	235	1.25
343	1215	1.25
1079	102	1.25
2140	102	1.25
2140	102	1.25
2140	102	1.25
877	102	1.25
64	1551	1.25
64	1551	1.25
743	1551	1.25
1571	1551	1.25
902	1551	1.25
743	569	1.25
949	569	1.25
563	614	1.25
2140	614	1.25
2137	614	1.25
1193	614	1.25
2002	1428	1.25
721	1428	1.25
1189	1428	1.25
1193	1428	1.25
2136	1514	1.25
1581	1514	1.25
2140	1514	1.25
1140	1514	1.25
743	1514	1.25
743	1514	1.25
64	868	1.25
893	868	1.25
294	868	1.25
743	868	1.25
743	868	1.25
1345	868	1.25
64	977	1.25
928	977	1.25
1193	977	1.25
294	977	1.25
2002	977	1.25
949	1097	1.25
294	1097	1.25
879	940	1.25
408	940	1.25
704	940	1.25
877	1283	1.25
1421	1283	1.25
877	1283	1.25
2002	1283	1.25
166	2139	1.25
877	2139	1.25
1440	1068	1.25
343	1215	1.25
668	1068	1.25
877	1068	1.25
877	1068	1.25
209	874	1.25
2140	874	1.25
294	874	1.25
294	874	1.25
1849	874	1.25
415	874	1.25
1818	491	1.25
294	491	1.25
210	491	1.25
2002	491	1.25
2140	491	1.25
1575	536	1.25
294	536	1.25
1709	536	1.25
1193	536	1.25
877	536	1.25
743	536	1.25
877	1589	1.25
537	1589	1.25
2002	1589	1.25
2002	1589	1.25
2002	1589	1.25
743	16	1.25
743	16	1.25
1942	16	1.25
2140	16	1.25
294	16	1.25
1991	574	1.25
949	574	1.25
1402	574	1.25
1189	574	1.25
949	2079	1.25
753	2079	1.25
877	2079	1.25
2140	2079	1.25
1829	2079	3.75
743	2079	1.25
2140	1302	1.25
687	1302	1.25
396	1302	1.25
1918	1302	1.25
704	1302	1.25
877	421	1.25
1720	421	1.25
64	421	1.25
743	421	1.25
934	421	1.25
743	421	1.25
64	1155	1.25
877	1155	1.25
743	2189	1.25
137	2189	1.25
2140	2189	1.25
1189	698	1.25
2140	698	1.25
1067	698	1.25
949	698	1.25
1289	1525	1.25
196	1525	1.25
1364	1525	1.25
1962	1525	1.25
2018	1525	1.25
902	1573	1.25
668	1573	1.25
1842	1573	1.25
877	1573	1.25
1318	1573	1.25
2140	1573	1.25
1435	875	1.25
423	875	1.25
1345	875	1.25
408	875	1.25
2140	1064	1.25
668	1064	1.25
2140	130	1.25
877	130	1.25
294	1968	1.25
1849	1781	1.25
1950	1781	1.25
987	1781	1.25
1950	1781	1.25
294	1781	1.25
712	451	1.25
2002	451	1.25
1328	964	1.25
1962	964	1.25
668	880	1.25
2140	880	1.25
746	880	1.25
2002	880	1.25
2002	880	1.25
1869	1287	1.25
725	1287	1.25
780	1287	1.25
704	1287	1.25
64	1287	1.25
1345	1900	1.25
877	1900	1.25
2002	1	1.25
743	1	1.25
294	1	1.25
1853	2151	1.25
687	2151	1.25
1701	2151	1.25
743	2151	1.25
1918	71	1.25
1410	71	1.25
1794	71	1.25
1286	71	1.25
893	71	1.25
753	2196	1.25
2140	2196	1.25
877	2196	1.25
743	2196	1.25
877	2196	1.25
2140	942	1.25
1860	942	1.25
1786	942	1.25
743	942	1.25
697	1844	1.25
704	1844	1.25
45	1844	1.25
1289	1844	1.25
1348	1844	1.25
1723	1325	1.25
902	1325	1.25
2187	1325	1.25
746	1732	1.25
877	1732	1.25
879	1246	1.25
743	1246	1.25
2140	1246	1.25
2002	1246	1.25
1140	554	1.25
1189	554	1.25
294	1244	1.25
1345	1244	1.25
2140	1244	1.25
690	404	1.25
282	404	1.25
2002	404	1.25
2140	404	1.25
746	701	1.25
1565	701	1.25
1575	701	3.75
2140	701	1.25
877	701	1.25
2002	136	1.25
1318	136	1.25
2140	136	1.25
1189	136	1.25
743	136	1.25
1547	14	1.25
2002	14	1.25
877	14	1.25
877	14	1.25
877	14	1.25
1175	250	1.25
1935	250	1.25
2190	250	1.25
1193	250	1.25
743	1797	1.25
2002	1797	1.25
1487	1797	1.25
64	863	1.25
1137	1326	1.25
1755	1326	1.25
2002	1326	1.25
902	1326	1.25
2140	1326	1.25
1853	1998	1.25
1674	1998	1.25
893	1998	1.25
294	1998	1.25
1175	2208	1.25
637	2208	1.25
743	2208	1.25
1736	2208	1.25
2140	2208	1.25
1345	2097	1.25
1849	2097	1.25
1421	2097	1.25
877	2097	1.25
294	191	1.25
766	191	1.25
790	191	1.25
743	191	1.25
1863	1139	1.25
1126	1139	1.25
877	1139	1.25
2140	1139	1.25
2140	1139	1.25
1067	1124	1.25
949	1124	1.25
294	1124	1.25
1516	1124	1.25
1193	1785	1.25
2002	1785	1.25
928	1785	1.25
64	1785	1.25
743	1785	1.25
1289	1196	1.25
686	1196	1.25
1331	1196	1.25
743	1196	1.25
294	1707	1.25
843	1707	1.25
294	1707	1.25
2002	1707	1.25
2002	1707	1.25
1308	787	1.25
1288	787	1.25
1661	787	1.25
1918	1418	1.25
1140	1418	1.25
1592	1418	1.25
338	1418	1.25
1013	1418	1.25
743	1819	1.25
1603	1819	1.25
893	1819	1.25
697	1819	1.25
1140	2064	1.25
1345	2064	1.25
1140	2064	1.25
1140	2064	1.25
1140	1544	1.25
2140	1544	1.25
2141	1112	1.25
687	1112	1.25
877	1496	1.25
1274	1496	1.25
1013	1496	1.25
2002	1496	1.25
2140	847	1.25
1794	847	1.25
2002	847	1.25
980	847	1.25
41	854	1.25
877	854	1.25
2136	854	1.25
1628	854	1.25
1623	600	1.25
743	600	1.25
2140	600	1.25
743	600	1.25
1345	822	1.25
64	822	1.25
2002	822	1.25
743	822	1.25
2140	822	1.25
537	1799	1.25
1187	1799	1.25
1189	1799	1.25
743	1679	1.25
64	1381	1.25
877	1381	1.25
2140	129	1.25
1005	1275	1.25
492	1275	1.25
877	1275	1.25
1140	1847	1.25
798	1847	1.25
2140	1847	1.25
877	1847	1.25
1965	1477	1.25
2002	1477	1.25
1193	1477	1.25
877	1477	1.25
1193	1897	1.25
89	1897	1.25
1421	1897	1.25
743	1897	1.25
1264	1647	1.25
1188	1647	1.25
743	1647	1.25
2140	1647	1.25
877	515	1.25
1240	134	1.25
2002	134	1.25
422	1467	1.25
64	1467	1.25
158	1467	1.25
743	1467	1.25
2140	437	1.25
1682	437	1.25
743	437	1.25
133	1181	1.25
877	1181	1.25
2132	1181	1.25
1356	1181	1.25
2140	1374	1.25
294	1374	1.25
64	1374	1.25
1763	403	1.25
2002	403	1.25
1289	403	1.25
877	403	1.25
2140	1583	1.25
41	1583	1.25
743	1790	1.25
1798	1550	1.25
949	1550	1.25
2140	1550	1.25
877	1550	1.25
1351	2037	1.25
294	2037	1.25
1345	2037	1.25
64	36	1.25
2002	36	1.25
2140	36	1.25
743	36	1.25
2002	1025	1.25
2140	1025	1.25
2140	781	1.25
414	1964	1.25
64	1964	1.25
743	1964	1.25
743	1964	1.25
668	1663	1.25
743	1663	1.25
877	1663	1.25
484	1663	1.25
872	292	1.25
753	292	1.25
1592	292	1.25
2140	921	1.25
2002	921	1.25
743	921	1.25
2168	2035	1.25
89	2035	1.25
743	2035	1.25
1798	1451	1.25
746	1451	1.25
294	1451	1.25
2140	1451	1.25
424	428	1.25
743	428	1.25
743	428	1.25
2002	1152	1.25
89	1152	1.25
1313	1152	1.25
2002	778	1.25
743	778	1.25
1364	778	1.25
668	1162	1.25
1653	1162	1.25
2140	1162	1.25
893	1867	1.25
64	1867	1.25
2140	1867	1.25
743	1388	1.25
743	1388	1.25
64	1388	1.25
743	1832	1.25
2137	1832	1.25
743	1788	1.25
1140	1045	1.25
1918	1045	1.25
877	1045	1.25
668	519	1.25
1343	519	1.25
2140	519	1.25
1140	957	1.25
876	957	1.25
949	957	1.25
64	2022	1.25
1345	2022	1.25
743	2022	1.25
1421	899	1.25
294	899	1.25
877	899	1.25
1685	1747	1.25
704	1747	1.25
893	1747	1.25
2018	1098	1.25
743	1098	1.25
343	1215	1.25
1193	410	1.25
2140	410	1.25
2140	1036	1.25
877	1036	1.25
668	1036	1.25
995	109	1.25
279	1441	2.5
877	1441	1.25
321	488	1.25
743	488	1.25
148	407	3.75
2140	407	1.25
1516	407	1.25
1849	587	1.25
743	587	1.25
294	587	1.25
1203	590	1.25
743	590	1.25
743	590	1.25
1328	20	1.25
2140	20	1.25
2002	181	1.25
2002	1214	1.25
877	1214	1.25
1061	1414	1.25
877	1414	1.25
2140	972	1.25
2140	972	1.25
1363	52	1.25
859	52	1.25
877	52	1.25
743	174	1.25
668	174	1.25
2140	174	1.25
462	2089	1.25
294	2089	1.25
668	723	1.25
294	723	1.25
877	723	1.25
346	162	1.25
798	162	1.25
273	1310	1.25
1642	1310	1.25
884	2123	1.25
1345	2123	1.25
877	2123	1.25
743	752	1.25
743	752	1.25
1345	1269	1.25
743	1269	1.25
2002	1269	1.25
1918	121	1.25
2002	121	1.25
743	121	1.25
1962	1446	1.25
893	1446	1.25
1474	593	1.25
2042	593	1.25
2164	1515	1.25
2140	1515	1.25
1646	1135	1.25
2140	1135	1.25
2002	1135	1.25
877	411	1.25
2140	411	1.25
743	402	1.25
2140	402	1.25
2018	39	1.25
877	39	1.25
704	39	1.25
687	128	1.25
743	128	1.25
743	447	1.25
1140	447	1.25
1478	870	1.25
350	870	1.25
949	1127	1.25
743	1127	1.25
89	1104	1.25
2140	1104	1.25
1193	2120	1.25
743	2120	1.25
272	734	1.25
64	734	1.25
256	691	1.25
877	691	1.25
1435	1839	1.25
877	1839	1.25
2140	1397	1.25
743	1397	1.25
294	401	1.25
45	401	1.25
877	1226	1.25
877	729	1.25
2002	1169	1.25
877	1169	1.25
177	2088	1.25
877	2088	1.25
1632	1766	1.25
1108	1766	1.25
296	354	1.25
2140	354	1.25
877	2065	1.25
2140	2065	1.25
877	558	1.25
64	558	1.25
668	179	1.25
743	179	1.25
879	1390	1.25
877	1390	1.25
2002	1031	1.25
743	1031	1.25
1345	2165	1.25
1547	2161	1.25
704	2161	1.25
294	1655	1.25
2002	1655	1.25
2140	1987	1.25
877	2066	1.25
1189	1241	1.25
877	1241	1.25
2140	1596	1.25
64	1619	1.25
2140	1619	1.25
2124	1040	1.25
294	1040	1.25
2140	1115	1.25
1212	1115	1.25
177	827	1.25
668	1276	1.25
692	1276	1.25
928	1670	1.25
501	1211	1.25
2002	1211	1.25
757	1344	1.25
743	1344	1.25
877	1874	1.25
1421	1858	1.25
2140	1858	1.25
1435	85	2.5
53	1715	1.25
2140	1715	1.25
1736	1342	1.25
893	1342	1.25
1636	1084	1.25
1411	1261	1.25
877	1261	1.25
877	2175	1.25
546	104	1.25
2002	104	1.25
893	528	1.25
877	1591	1.25
877	1591	1.25
877	1840	1.25
2140	312	1.25
89	312	1.25
877	1559	1.25
1646	366	1.25
1140	1917	1.25
743	1917	1.25
343	155	1.25
893	1012	1.25
294	1012	1.25
1140	1820	1.25
949	1977	1.25
668	2181	1.25
877	2181	1.25
248	173	1.25
2137	883	1.25
1189	1672	1.25
743	1672	1.25
1885	2032	1.25
64	309	1.25
319	260	1.25
877	260	1.25
893	1475	1.25
2099	1159	1.25
1853	1601	1.25
704	862	1.25
2149	1026	1.25
877	1026	1.25
2002	966	1.25
1067	187	1.25
89	324	1.25
743	931	1.25
1709	40	1.25
2002	1049	1.25
877	69	1.25
1564	727	1.25
2140	1896	1.25
668	1981	1.25
294	508	1.25
2140	463	1.25
148	693	3.75
668	1692	1.25
1849	67	1.25
877	1989	1.25
1918	341	1.25
743	11	1.25
743	38	1.25
1628	1617	1.25
2140	1053	1.25
743	1952	1.25
766	821	1.25
2140	1488	1.25
743	1875	1.25
2002	1248	1.25
928	2024	1.25
294	2163	1.25
343	155	3.75
343	155	1.25
343	155	1.25
343	155	1.25
343	1003	1.25
343	1003	3.75
343	1003	1.25
343	1003	1.25
343	1003	1.25
343	1003	1.25
343	1003	1.25
343	1003	1.25
343	1003	3.75
343	1003	1.25
343	1003	3.75
343	832	3.75
343	832	1.25
343	832	1.25
343	779	1.25
343	779	1.25
343	779	3.75
343	779	1.25
343	779	1.25
343	779	1.25
343	647	1.25
343	647	1.25
343	647	1.25
343	647	1.25
343	647	3.75
343	647	3.75
343	647	1.25
343	647	1.25
343	56	1.25
343	56	1.25
343	56	1.25
343	56	1.25
343	56	1.25
343	56	1.25
343	56	1.25
343	56	1.25
343	56	3.75
343	1718	3.75
343	1718	1.25
343	1718	1.25
343	1718	1.25
343	1718	1.25
343	1718	1.25
343	1718	1.25
343	1718	1.25
343	1151	1.25
343	1151	1.25
343	1151	3.75
343	813	1.25
343	813	1.25
343	813	1.25
343	813	1.25
343	813	3.75
343	813	1.25
343	813	1.25
343	1387	3.75
343	1387	1.25
343	1387	1.25
343	1387	1.25
343	1387	1.25
343	749	1.25
343	749	1.25
343	749	3.75
343	749	3.75
343	749	1.25
343	749	1.25
343	749	1.25
343	749	3.75
343	749	1.25
343	749	3.75
343	604	1.25
343	604	1.25
343	604	1.25
343	2021	1.25
343	2021	3.75
343	2021	1.25
343	2021	1.25
343	958	1.25
343	958	1.25
343	958	3.75
343	958	3.75
343	958	1.25
343	1461	1.25
343	1461	1.25
343	1461	1.25
343	1461	1.25
343	1461	3.75
343	1461	1.25
343	1461	1.25
343	2048	1.25
343	1554	1.25
343	1554	1.25
343	1554	1.25
343	1554	1.25
343	1554	1.25
343	1554	1.25
343	1554	1.25
343	1554	1.25
343	1208	1.25
343	1208	1.25
343	1208	1.25
343	1208	1.25
343	1208	3.75
343	1208	1.25
343	1961	3.75
343	1961	3.75
343	1961	3.75
343	1961	1.25
343	1961	3.75
343	1961	1.25
343	1961	1.25
343	1961	1.25
343	1961	1.25
343	659	1.25
343	659	1.25
343	659	3.75
343	265	3.75
343	265	1.25
343	265	1.25
343	349	1.25
343	349	1.25
343	1220	1.25
343	1220	1.25
343	1220	3.75
343	1220	1.25
343	1220	1.25
343	1220	3.75
343	416	1.25
343	416	3.75
343	416	1.25
343	416	1.25
343	416	3.75
343	416	1.25
343	416	1.25
343	416	1.25
343	999	1.25
343	999	1.25
343	999	3.75
343	999	3.75
343	999	1.25
343	999	1.25
343	999	1.25
343	999	1.25
343	999	1.25
343	999	1.25
343	1471	1.25
343	1471	1.25
343	1471	1.25
343	1471	1.25
343	1471	1.25
343	1065	1.25
343	1065	1.25
343	1065	3.75
343	845	1.25
343	845	3.75
343	845	3.75
343	845	1.25
343	845	1.25
343	845	3.75
343	845	1.25
343	212	1.25
343	212	1.25
343	212	1.25
343	1710	1.25
343	1710	1.25
343	1710	3.75
343	1710	3.75
343	1710	1.25
343	1710	1.25
343	1710	1.25
343	1710	3.75
343	1710	1.25
343	1710	1.25
343	1710	3.75
343	1710	3.75
343	1710	1.25
343	1710	1.25
343	1710	1.25
343	1123	3.75
343	1123	1.25
343	1123	1.25
343	2130	3.75
343	2130	3.75
343	2130	3.75
343	2130	1.25
343	2130	1.25
343	2130	3.75
343	2130	1.25
343	2130	1.25
343	2130	3.75
343	2130	3.75
343	2130	1.25
343	2130	3.75
343	2130	1.25
343	2130	1.25
343	2130	1.25
343	2130	1.25
343	2130	1.25
343	2130	1.25
343	2130	1.25
343	2130	1.25
343	2130	1.25
343	2130	1.25
343	2130	1.25
343	2130	1.25
343	2130	1.25
343	2130	3.75
343	2130	3.75
343	2130	1.25
343	2130	1.25
343	2130	1.25
343	2130	1.25
343	2130	1.25
343	2130	1.25
343	2130	3.75
343	2130	3.75
343	1926	1.25
343	1926	1.25
343	1926	1.25
343	1926	1.25
343	2075	3.75
343	2075	1.25
343	2075	1.25
343	2075	1.25
343	2075	1.25
343	172	1.25
343	172	1.25
343	172	3.75
343	172	1.25
343	172	3.75
343	172	3.75
343	172	1.25
343	172	3.75
343	172	1.25
343	172	1.25
343	172	1.25
343	172	1.25
343	172	1.25
343	172	1.25
343	172	1.25
343	1949	1.25
343	1949	3.75
343	1949	1.25
343	1949	1.25
343	1949	3.75
343	2009	1.25
343	2009	1.25
343	2009	1.25
343	1438	1.25
343	1438	1.25
343	1438	1.25
343	1567	1.25
343	1567	1.25
343	433	1.25
343	433	3.75
343	433	1.25
343	433	3.75
343	433	1.25
343	433	3.75
343	433	1.25
343	433	1.25
343	433	1.25
343	433	1.25
343	433	1.25
343	317	1.25
343	317	1.25
343	317	3.75
343	317	1.25
343	317	3.75
343	317	1.25
343	317	1.25
343	317	1.25
343	317	3.75
343	1752	1.25
343	1752	1.25
343	1752	3.75
343	298	1.25
343	298	1.25
343	298	3.75
343	298	1.25
343	298	3.75
343	298	1.25
343	298	3.75
343	298	1.25
343	298	3.75
343	298	1.25
343	298	1.25
343	298	1.25
343	298	1.25
343	298	1.25
343	298	1.25
343	298	3.75
343	298	1.25
343	298	1.25
343	298	3.75
343	298	3.75
343	298	1.25
343	298	3.75
343	298	3.75
343	298	1.25
343	298	1.25
343	298	3.75
343	298	1.25
343	298	1.25
343	873	1.25
343	873	1.25
343	873	3.75
343	1338	1.25
343	1338	1.25
343	1338	1.25
343	1338	1.25
343	1338	3.75
343	1338	1.25
343	1338	3.75
343	1338	3.75
343	1338	1.25
343	1338	3.75
343	1338	1.25
343	625	1.25
343	378	1.25
343	378	1.25
343	378	3.75
343	378	1.25
343	2090	1.25
343	2090	1.25
343	2090	1.25
343	2090	3.75
343	2090	3.75
343	1507	1.25
343	1507	1.25
343	1638	1.25
343	391	1.25
343	391	1.25
343	1376	1.25
343	1376	3.75
343	1376	1.25
343	1376	1.25
343	195	1.25
343	195	1.25
343	195	1.25
343	195	1.25
343	195	3.75
343	195	1.25
343	195	1.25
343	195	3.75
343	195	1.25
343	195	1.25
343	22	3.75
343	22	1.25
343	22	3.75
343	22	1.25
343	1469	3.75
343	1469	1.25
343	1469	1.25
343	1469	1.25
343	151	1.25
343	151	1.25
343	151	3.75
343	568	3.75
343	568	1.25
343	568	1.25
343	568	1.25
343	568	1.25
343	568	1.25
343	568	1.25
343	568	1.25
343	568	3.75
343	1466	1.25
343	1466	1.25
343	1466	3.75
343	78	3.75
343	78	1.25
343	78	1.25
343	531	1.25
343	186	1.25
343	186	1.25
343	802	3.75
343	802	1.25
343	802	1.25
343	802	1.25
343	1521	1.25
343	1521	1.25
343	1521	1.25
343	1521	3.75
343	1521	1.25
343	1521	1.25
343	1521	1.25
343	1521	1.25
343	1521	1.25
343	1521	1.25
343	1521	1.25
343	1521	1.25
343	1521	1.25
343	1521	1.25
343	1521	1.25
343	1521	1.25
343	1521	1.25
343	1521	1.25
343	1521	1.25
343	1569	1.25
343	1569	1.25
343	1569	3.75
343	255	3.75
343	255	1.25
343	255	3.75
343	255	1.25
343	255	1.25
343	255	1.25
343	255	1.25
343	255	1.25
343	255	1.25
343	255	3.75
343	596	1.25
343	596	3.75
343	596	1.25
343	596	3.75
343	596	1.25
343	596	1.25
343	511	1.25
343	511	1.25
343	511	3.75
343	1560	1.25
343	1560	1.25
343	1093	1.25
343	1093	3.75
343	1093	1.25
343	1093	1.25
343	1093	1.25
343	605	1.25
343	605	1.25
343	605	3.75
343	1577	1.25
343	1577	1.25
343	1577	3.75
343	1485	1.25
343	1485	1.25
343	1485	3.75
343	384	3.75
343	384	1.25
343	384	1.25
343	384	1.25
343	384	1.25
343	549	3.75
343	549	1.25
343	549	1.25
343	549	1.25
343	549	3.75
343	549	1.25
343	549	3.75
343	549	1.25
343	549	1.25
343	856	1.25
343	856	1.25
343	856	1.25
343	856	1.25
343	856	3.75
343	856	1.25
343	856	3.75
343	856	3.75
343	2170	3.75
343	2170	1.25
343	2170	1.25
343	2170	1.25
343	1777	3.75
343	1777	1.25
343	1777	3.75
343	1777	1.25
343	176	3.75
343	176	1.25
343	176	3.75
343	176	1.25
343	176	1.25
343	176	1.25
343	176	1.25
343	176	1.25
343	176	3.75
343	176	1.25
343	176	1.25
343	176	3.75
343	176	1.25
343	176	1.25
343	1545	3.75
343	1545	1.25
343	1545	1.25
343	762	1.25
343	1587	1.25
343	1587	3.75
343	1587	1.25
343	1587	1.25
343	894	3.75
343	894	1.25
343	894	1.25
343	894	1.25
343	894	1.25
343	894	3.75
343	894	1.25
343	1206	1.25
343	1206	1.25
343	1206	3.75
343	1206	1.25
343	1206	1.25
343	1206	1.25
343	1206	1.25
343	1206	1.25
343	1154	1.25
343	1154	1.25
343	2029	1.25
343	2029	1.25
343	234	3.75
343	234	1.25
343	234	1.25
343	234	1.25
343	234	1.25
343	234	1.25
343	234	1.25
343	234	1.25
343	1460	1.25
343	1460	1.25
343	1460	1.25
343	1460	3.75
343	1460	1.25
343	1195	1.25
343	1195	3.75
343	1195	1.25
343	888	1.25
343	888	1.25
343	888	3.75
343	888	1.25
343	888	1.25
343	678	1.25
343	678	1.25
343	252	1.25
343	252	1.25
343	252	3.75
343	252	1.25
343	1253	1.25
343	1253	1.25
343	825	1.25
343	825	3.75
343	825	1.25
343	941	1.25
343	941	1.25
343	1562	1.25
343	1562	1.25
343	1562	1.25
343	1562	3.75
343	1562	1.25
343	102	1.25
343	102	1.25
343	102	3.75
343	102	1.25
343	102	1.25
343	1551	1.25
343	1551	3.75
343	1551	1.25
343	1551	1.25
343	1551	3.75
343	1551	3.75
343	1551	1.25
343	1551	3.75
343	1551	1.25
343	1428	3.75
343	1428	1.25
343	1428	1.25
343	1514	3.75
343	1514	1.25
343	1514	1.25
343	1283	1.25
343	1283	1.25
343	1283	1.25
343	1283	1.25
343	1283	1.25
343	1283	3.75
343	1283	1.25
343	1283	1.25
343	1283	3.75
343	1283	1.25
343	1283	1.25
343	1283	1.25
343	1283	1.25
343	1283	1.25
343	1068	1.25
343	1068	3.75
343	1068	1.25
343	1068	1.25
343	1068	3.75
343	1068	1.25
343	1068	3.75
343	1068	1.25
343	1068	1.25
343	1068	3.75
343	1068	1.25
343	1068	1.25
343	1068	1.25
343	1068	1.25
343	1068	1.25
343	1068	1.25
343	874	1.25
343	874	3.75
343	874	1.25
343	491	1.25
343	491	3.75
343	491	1.25
343	1589	1.25
343	574	1.25
343	574	1.25
343	574	1.25
343	574	1.25
343	2079	1.25
343	2079	1.25
343	1155	1.25
343	1155	1.25
343	1155	3.75
343	2189	1.25
343	2189	1.25
343	2189	1.25
343	1573	3.75
343	1573	1.25
343	1573	1.25
343	1573	1.25
343	1573	1.25
343	1573	1.25
343	1781	1.25
343	1781	1.25
343	1781	1.25
343	1781	1.25
343	1781	1.25
343	1781	3.75
343	1781	3.75
343	1781	1.25
343	1781	1.25
343	1781	1.25
343	1781	1.25
343	1781	1.25
343	1781	1.25
343	1781	1.25
343	451	1.25
343	451	1.25
343	451	1.25
343	451	3.75
343	451	3.75
343	451	1.25
343	451	1.25
343	880	3.75
343	880	1.25
343	880	1.25
343	880	3.75
343	880	1.25
343	880	1.25
343	1287	3.75
343	1287	1.25
343	1287	1.25
343	1797	1.25
343	1797	1.25
343	1797	3.75
343	2208	1.25
343	2208	1.25
343	2208	3.75
343	2208	1.25
343	2208	1.25
343	2208	3.75
343	2208	1.25
343	2208	1.25
343	2208	1.25
343	2208	3.75
343	2208	1.25
343	2208	1.25
343	2097	1.25
343	2097	3.75
343	2097	1.25
343	1124	1.25
343	787	1.25
343	787	1.25
343	787	1.25
343	787	3.75
343	787	1.25
343	787	1.25
343	1418	1.25
343	1418	1.25
343	1418	3.75
343	1544	1.25
343	1544	3.75
343	1544	1.25
343	1544	1.25
343	1544	1.25
343	1112	1.25
343	1112	1.25
343	1112	3.75
343	1112	3.75
343	1112	1.25
343	1496	1.25
343	600	1.25
343	600	3.75
343	600	1.25
343	1799	1.25
343	1799	1.25
343	1799	1.25
343	1679	1.25
343	1897	3.75
343	1897	1.25
343	1897	1.25
343	515	3.75
343	515	1.25
343	515	1.25
343	1181	1.25
343	1181	1.25
343	1374	1.25
343	1374	1.25
343	1374	1.25
343	1374	1.25
343	1374	1.25
343	1374	1.25
343	1374	1.25
343	1374	3.75
343	1374	1.25
343	403	1.25
343	403	3.75
343	403	1.25
343	1550	1.25
343	1550	1.25
343	1550	1.25
343	921	1.25
343	921	1.25
343	921	3.75
343	2035	1.25
343	2035	3.75
343	2035	1.25
343	1451	1.25
343	1451	1.25
343	1451	1.25
343	1451	1.25
343	1451	1.25
343	428	1.25
343	428	2.5
343	428	1.25
343	428	1.25
343	428	3.75
343	428	1.25
343	428	3.75
343	428	1.25
343	428	3.75
343	428	1.25
343	428	3.75
343	428	1.25
343	428	1.25
343	428	1.25
343	428	3.75
343	1832	1.25
343	1832	1.25
343	1832	3.75
343	1832	3.75
343	1832	3.75
343	1832	3.75
343	1832	1.25
343	1832	1.25
343	1788	1.25
343	1788	1.25
343	1788	1.25
343	1788	1.25
343	1788	1.25
343	1788	3.75
343	519	1.25
343	519	1.25
343	519	1.25
343	519	1.25
343	957	1.25
343	957	1.25
343	957	3.75
343	957	3.75
343	899	1.25
343	410	1.25
343	410	1.25
343	410	1.25
343	410	3.75
343	410	1.25
343	410	3.75
343	410	1.25
343	410	1.25
343	410	1.25
343	587	1.25
343	587	3.75
343	587	1.25
343	20	1.25
343	20	1.25
343	20	1.25
343	20	1.25
343	20	3.75
343	20	1.25
343	1214	1.25
343	1214	1.25
343	1214	1.25
343	1214	1.25
343	1214	1.25
343	1214	1.25
343	1214	3.75
343	1214	3.75
343	1214	1.25
343	52	1.25
343	52	3.75
343	52	1.25
343	52	1.25
343	52	1.25
343	52	3.75
343	2089	1.25
343	2089	1.25
343	1310	3.75
343	1310	1.25
343	1310	1.25
343	1310	1.25
343	1310	3.75
343	2123	1.25
343	121	3.75
343	121	1.25
343	121	1.25
343	411	1.25
343	411	1.25
343	411	3.75
343	411	1.25
343	2120	3.75
343	2120	1.25
343	2120	1.25
343	2120	1.25
343	2120	1.25
343	734	1.25
343	734	1.25
343	734	3.75
343	1397	1.25
343	401	1.25
343	401	1.25
343	401	3.75
343	2088	1.25
343	1390	1.25
343	1591	1.25
343	1559	1.25
343	1559	1.25
343	1559	1.25
343	1559	3.75
343	1559	1.25
343	1559	3.75
343	1559	1.25
343	1559	1.25
343	1559	3.75
343	1559	1.25
343	1559	1.25
343	1103	1.25
343	1103	1.25
343	1103	1.25
343	1103	1.25
343	1103	3.75
343	1103	3.75
343	1103	1.25
343	1103	3.75
343	953	1.25
343	953	3.75
343	953	1.25
343	774	1.25
343	774	3.75
343	774	1.25
343	1855	1.25
651	176	5.0
651	795	1.25
651	795	1.25
651	795	1.25
651	795	1.25
651	795	1.25
651	795	1.25
651	2003	1.25
651	2003	1.25
651	2003	1.25
651	1119	1.25
651	1202	1.25
651	1277	1.25
651	1151	1.25
651	1151	1.25
651	845	1.25
651	176	1.25
651	176	3.75
651	176	1.25
651	176	1.25
367	389	5.0
367	1532	3.75
367	155	1.25
367	1227	3.75
367	1227	3.75
367	1227	1.25
367	2106	1.25
367	1769	1.25
367	1769	1.25
367	1769	3.75
367	1769	1.25
367	1769	3.75
367	1895	1.25
367	1216	1.25
367	1216	3.75
367	1216	1.25
367	1668	3.75
367	1668	1.25
367	1668	1.25
367	31	1.25
367	2048	1.25
367	1065	1.25
367	212	3.75
367	212	1.25
367	212	3.75
367	1710	1.25
367	1710	3.75
367	1710	1.25
367	1710	1.25
367	991	1.25
367	991	1.25
367	1926	1.25
367	1949	1.25
367	1949	3.75
367	457	1.25
367	1567	1.25
367	389	1.25
367	389	3.75
367	112	3.75
367	112	3.75
367	112	1.25
367	1457	3.75
367	1457	1.25
367	1457	1.25
367	802	3.75
367	802	1.25
367	802	1.25
367	63	3.75
367	63	1.25
367	1560	3.75
367	1560	1.25
367	91	3.75
367	91	1.25
367	77	3.75
367	77	3.75
367	77	1.25
367	1206	3.75
367	1206	1.25
367	369	1.25
367	369	1.25
367	369	3.75
367	888	1.25
367	392	1.25
367	1532	1.25
367	1532	3.75
367	1532	1.25
367	1532	1.25
367	1532	1.25
367	1532	1.25
367	1532	1.25
367	1532	3.75
367	1514	1.25
367	1246	3.75
367	1246	1.25
367	1244	1.25
367	1244	3.75
367	701	1.25
367	2097	1.25
367	2097	1.25
367	2097	3.75
367	1785	1.25
367	1785	1.25
367	847	1.25
367	847	1.25
367	847	3.75
367	847	1.25
367	1275	1.25
367	1647	1.25
367	1647	3.75
367	1647	1.25
367	1647	3.75
367	1467	3.75
367	1467	3.75
367	1467	3.75
367	1467	3.75
367	1467	1.25
367	1467	1.25
367	1467	3.75
367	1467	3.75
367	1374	1.25
367	1374	1.25
367	1374	3.75
367	921	1.25
367	921	3.75
367	921	1.25
367	921	3.75
367	921	3.75
367	488	3.75
367	488	3.75
367	488	3.75
367	488	1.25
367	488	1.25
367	488	1.25
367	488	3.75
367	407	1.25
367	407	3.75
367	407	1.25
367	20	1.25
367	20	3.75
367	20	1.25
367	20	3.75
367	20	1.25
367	1414	1.25
367	2123	1.25
367	121	1.25
367	411	1.25
367	411	3.75
367	411	1.25
367	411	1.25
367	411	1.25
367	411	1.25
367	411	1.25
367	411	3.75
367	411	3.75
367	411	3.75
367	411	1.25
367	411	1.25
367	402	3.75
367	402	3.75
367	402	1.25
367	402	1.25
367	691	1.25
367	691	3.75
367	691	1.25
367	354	1.25
367	354	1.25
367	179	1.25
367	179	3.75
367	179	1.25
367	1241	1.25
367	1596	1.25
367	1858	1.25
367	85	3.75
367	85	1.25
367	1049	1.25
367	1049	1.25
367	1049	1.25
367	1049	3.75
367	1049	1.25
367	1049	3.75
367	1049	1.25
367	1049	3.75
367	1049	3.75
1876	1216	1.25
1876	873	1.25
1876	1645	5.0
1876	1068	5.0
1876	1358	1.25
1876	56	1.25
1876	1769	1.25
1876	1769	3.75
1876	1216	3.75
1876	1216	1.25
1876	815	1.25
1876	815	1.25
1876	172	1.25
1876	172	3.75
1876	873	3.75
1876	873	1.25
1876	873	3.75
1876	1543	1.25
1876	2108	1.25
1876	2155	1.25
1876	2155	1.25
1876	2155	3.75
1876	412	3.75
1876	412	3.75
1876	412	1.25
1876	63	1.25
1876	63	1.25
1876	63	3.75
1876	915	3.75
1876	915	1.25
1876	915	1.25
1876	1560	3.75
1876	1560	1.25
1876	2068	1.25
1876	1708	1.25
1876	1254	1.25
1876	2138	1.25
1876	516	1.25
1876	516	3.75
1876	1209	3.75
1876	1209	1.25
1876	1209	1.25
1876	1400	1.25
1876	271	3.75
1876	271	1.25
1876	271	3.75
1876	1645	3.75
1876	1645	1.25
1876	1068	3.75
1876	1068	1.25
1876	35	3.75
1876	35	1.25
1876	451	3.75
1876	451	1.25
1876	451	3.75
1876	451	3.75
1876	451	3.75
1876	451	1.25
1876	701	3.75
1876	701	3.75
1876	701	1.25
1876	701	1.25
1876	701	1.25
1876	136	1.25
1876	136	3.75
1876	1936	3.75
1876	1936	1.25
1876	191	1.25
1876	191	3.75
1876	854	1.25
1876	854	3.75
1876	1477	1.25
1876	1477	3.75
1876	1477	3.75
1876	1647	1.25
1876	1647	3.75
1876	778	3.75
1876	778	1.25
1876	778	3.75
1876	778	3.75
1876	778	3.75
1876	778	3.75
1876	778	3.75
1876	778	3.75
1876	488	1.25
1876	488	3.75
1876	488	3.75
1876	691	1.25
1876	691	3.75
1876	1390	3.75
1876	1390	1.25
1876	1390	3.75
1876	2066	1.25
1876	2066	3.75
1876	1596	3.75
1876	1596	3.75
1876	1596	1.25
1876	1040	3.75
1876	1040	1.25
1876	1715	1.25
1876	1715	3.75
1876	966	1.25
1876	40	3.75
1876	40	1.25
1876	40	3.75
1876	40	1.25
1876	1049	1.25
1876	1049	3.75
1876	1049	1.25
1876	1049	3.75
1876	1896	1.25
1876	1896	3.75
1876	1488	3.75
1876	1488	3.75
1876	1488	1.25
1876	1488	1.25
1876	1488	1.25
1876	1488	3.75
55	56	5.0
55	1003	1.25
55	1003	1.25
55	832	1.25
55	832	1.25
55	56	1.25
55	56	1.25
55	56	1.25
55	56	1.25
55	56	1.25
55	56	1.25
55	56	1.25
55	56	1.25
55	161	1.25
55	2106	1.25
55	2106	1.25
55	1346	1.25
55	1346	1.25
55	1346	1.25
55	1346	1.25
55	1346	1.25
55	1346	1.25
55	1346	1.25
55	1346	1.25
55	943	1.25
55	943	1.25
55	943	1.25
55	943	1.25
55	943	1.25
55	943	1.25
55	212	3.75
55	212	1.25
55	212	3.75
55	1480	1.25
55	1480	1.25
55	1480	3.75
55	1480	1.25
55	1719	1.25
55	1719	1.25
55	2075	3.75
55	2075	1.25
55	2166	1.25
55	2166	1.25
55	2166	1.25
55	2166	1.25
55	2166	1.25
55	1922	1.25
55	496	1.25
55	496	1.25
55	496	1.25
55	496	1.25
55	496	1.25
55	496	1.25
55	1482	1.25
55	1482	1.25
55	1482	1.25
55	1482	1.25
55	320	1.25
55	320	1.25
55	1622	1.25
55	1622	1.25
55	1622	1.25
55	1622	1.25
55	1622	1.25
55	1622	3.75
55	1622	1.25
55	389	1.25
55	1165	1.25
55	1165	1.25
55	1457	1.25
55	1457	1.25
55	186	1.25
55	186	1.25
55	255	1.25
55	255	1.25
55	2057	3.75
55	2057	1.25
55	2057	1.25
55	2170	1.25
55	2170	1.25
55	2170	1.25
55	2170	3.75
55	1777	1.25
55	1777	3.75
55	1777	1.25
55	1777	1.25
55	1777	3.75
55	1777	1.25
55	1777	3.75
55	998	1.25
55	998	1.25
55	998	1.25
55	998	1.25
55	825	1.25
55	825	1.25
55	825	1.25
55	825	1.25
55	716	1.25
55	716	1.25
55	716	1.25
55	1530	3.75
55	1530	1.25
55	1530	1.25
55	1532	1.25
55	1532	1.25
55	1514	1.25
55	1514	1.25
55	2097	1.25
55	2097	1.25
55	1139	1.25
55	1139	1.25
55	1139	1.25
55	1496	1.25
55	1496	1.25
55	822	1.25
55	822	1.25
55	1647	1.25
55	1647	1.25
55	403	1.25
55	403	1.25
55	403	1.25
55	403	1.25
55	1162	1.25
55	1162	1.25
55	1162	1.25
55	1162	1.25
55	1162	1.25
55	1276	1.25
55	1858	1.25
55	1858	3.75
55	1858	1.25
55	1858	1.25
55	1858	3.75
2059	1165	5.0
2059	2152	1.25
2059	393	1.25
2059	1937	1.25
2059	749	1.25
2059	749	1.25
2059	1524	1.25
2059	1524	1.25
2059	83	1.25
2059	83	1.25
2059	1165	1.25
2059	1165	3.75
2059	1469	1.25
2059	267	1.25
2059	267	1.25
2059	1371	1.25
2059	404	1.25
2059	1326	1.25
2059	407	1.25
